ctime,schemaname,relname,seq_scan,seq_tup_read,idx_scan,idx_tup_fetch,n_tup_ins,n_tup_upd,n_tup_del,n_tup_hot_upd,n_live_tup,n_dead_tup,heap_blks_read,heap_blks_hit,idx_blks_read,idx_blks_hit,toast_blks_read,toast_blks_hit,tidx_blks_read,tidx_blks_hit
1416639250.26164,pg_catalog,pg_attrdef,0,0,0,0,0,0,0,0,0,0,0,0,0,0,0,0,0,0
1416639250.26164,pg_catalog,pg_db_role_setting,0,0,148764,0,0,0,0,0,0,0,0,0,374,148390,0,0,0,0
1416639250.26164,pg_toast,pg_toast_12713,0,0,0,0,0,0,0,0,0,0,0,0,0,0,,,,
1416639250.26164,pg_catalog,pg_rowsecurity,0,0,0,0,0,0,0,0,0,0,0,0,0,0,,,,
1416639250.26164,pg_catalog,pg_description,0,0,4750,0,0,0,0,0,0,0,0,0,1519,9056,0,0,0,0
1416639250.26164,pg_catalog,pg_foreign_data_wrapper,0,0,0,0,0,0,0,0,0,0,0,0,0,0,,,,
1416639250.26164,pg_catalog,pg_conversion,0,0,0,0,0,0,0,0,0,0,0,0,0,0,,,,
1416639250.26164,pg_catalog,pg_class,12546,2814142,848478,775528,1915,597,1877,585,337,72,7819,888676,7558,1776360,,,,
1416639250.26164,information_schema,sql_implementation_info,0,0,,,0,0,0,0,0,0,0,0,,,0,0,0,0
1416639250.26164,pg_catalog,pg_opfamily,0,0,0,0,0,0,0,0,0,0,0,0,0,0,,,,
1416639250.26164,pg_catalog,pg_auth_members,0,0,0,0,0,0,0,0,0,0,0,0,0,0,,,,
1416639250.26164,pg_catalog,pg_operator,0,0,268245,1404995,0,0,0,0,0,0,6767,972552,5995,581586,,,,
1416639250.26164,information_schema,sql_languages,0,0,,,0,0,0,0,0,0,0,0,,,0,0,0,0
1416639250.26164,public,partsupp,8,24000000,16,16,8000000,0,0,0,8000000,0,340615,1296493,21941,54,,,,
1416639250.26164,pg_toast,pg_toast_12693,0,0,0,0,0,0,0,0,0,0,0,0,0,0,,,,
1416639250.26164,pg_catalog,pg_attribute,2596,17700,694842,1568264,6960,190,6782,161,2514,328,23709,776954,6435,1454997,,,,
1416639250.26164,public,supplier,6,400000,42,42,100000,0,0,0,100000,0,2314,20052,280,103,,,,
1416639250.26164,pg_toast,pg_toast_12698,0,0,0,0,0,0,0,0,0,0,0,0,0,0,,,,
1416639250.26164,pg_catalog,pg_tablespace,2,4,24586,24586,0,0,0,0,0,0,654,23934,1362,47920,,,,
1416639250.26164,pg_catalog,pg_statistic,0,0,191312,184148,1549,4415,1486,3731,464,55,18342,178504,2076,410207,45675,183277,2748,278927
1416639250.26164,pg_toast,pg_toast_12703,0,0,0,0,0,0,0,0,0,0,0,0,0,0,,,,
1416639250.26164,information_schema,sql_packages,0,0,,,0,0,0,0,0,0,0,0,,,0,0,0,0
1416639250.26164,information_schema,sql_sizing_profiles,0,0,,,0,0,0,0,0,0,0,0,,,0,0,0,0
1416639250.26164,pg_catalog,pg_aggregate,0,0,18562,18562,0,0,0,0,0,0,1309,17253,3028,29320,,,,
1416639250.26164,pg_catalog,pg_inherits,0,0,1075,0,0,0,0,0,0,0,0,0,539,536,,,,
1416639250.26164,pg_catalog,pg_enum,0,0,0,0,0,0,0,0,0,0,0,0,0,0,,,,
1416639250.26164,pg_toast,pg_toast_2396,0,0,0,0,0,0,0,0,0,0,0,0,0,0,,,,
1416639250.26164,pg_catalog,pg_pltemplate,0,0,0,0,0,0,0,0,0,0,0,0,0,0,,,,
1416639250.26164,pg_toast,pg_toast_2618,0,0,3373,10770,0,0,0,0,0,0,2087,2050,609,4833,,,,
1416639250.26164,public,time_statistics,1,1,,,3,1,0,1,3,1,2,3,,,,,,
1416639250.26164,pg_toast,pg_toast_3596,0,0,0,0,0,0,0,0,0,0,0,0,0,0,,,,
1416639250.26164,information_schema,sql_features,0,0,,,0,0,0,0,0,0,0,0,,,0,0,0,0
1416639250.26164,pg_toast,pg_toast_2606,0,0,0,0,0,0,0,0,0,0,0,0,0,0,,,,
1416639250.26164,pg_toast,pg_toast_12723,0,0,0,0,0,0,0,0,0,0,0,0,0,0,,,,
1416639250.26164,pg_toast,pg_toast_2964,0,0,0,0,0,0,0,0,0,0,0,0,0,0,,,,
1416639250.26164,pg_catalog,pg_database,3623,14054,120911,120909,1,0,0,0,1,0,265,124268,1745,193477,,,,
1416639250.26164,information_schema,sql_sizing,0,0,,,0,0,0,0,0,0,0,0,,,0,0,0,0
1416639250.26164,pg_toast,pg_toast_2620,0,0,0,0,0,0,0,0,0,0,0,0,0,0,,,,
1416639250.26164,pg_catalog,pg_depend,0,0,44802,48151,8267,0,8178,0,7106,673,8530,55590,12287,115472,,,,
1416639250.26164,pg_catalog,pg_language,0,0,0,0,0,0,0,0,0,0,0,0,0,0,,,,
1416639250.26164,pg_catalog,pg_amproc,472,944,158045,328961,0,0,0,0,0,0,1710,155298,1370,350462,,,,
1416639250.26164,public,orders,10,60000000,30,30,15000000,0,0,0,15000000,0,504559,2065423,41135,121,,,,
1416639250.26164,pg_catalog,pg_collation,0,0,0,0,0,0,0,0,0,0,0,0,0,0,,,,
1416639250.26164,pg_toast,pg_toast_12708,0,0,0,0,0,0,0,0,0,0,0,0,0,0,,,,
1416639250.26164,public,lineitem,17,539874468,56,56,59986052,0,0,0,59985768,0,9953035,5440504,328974,505,,,,
1416639250.26164,pg_catalog,pg_range,0,0,8364,0,0,0,0,0,0,0,0,0,3077,13651,,,,
1416639250.26164,pg_toast,pg_toast_2609,0,0,0,0,0,0,0,0,0,0,0,0,0,0,,,,
1416639250.26164,pg_catalog,pg_opclass,472,472,215758,2362675,0,0,0,0,0,0,1393,940529,3143,262937,,,,
1416639250.26164,public,part,8,12000000,26,26,2000000,0,0,0,2000000,0,79009,408798,42762,104,,,,
1416639250.26164,pg_catalog,pg_rewrite,0,0,8259,6468,597,0,597,0,110,9,4362,7169,1978,12096,2087,2050,1218,9666
1416639250.26164,pg_toast,pg_toast_1255,0,0,0,0,0,0,0,0,0,0,0,0,0,0,,,,
1416639250.26164,pg_catalog,pg_seclabel,0,0,4750,0,0,0,0,0,0,0,0,0,490,4260,0,0,0,0
1416639250.26164,pg_catalog,pg_ts_parser,0,0,0,0,0,0,0,0,0,0,0,0,0,0,,,,
1416639250.26164,pg_catalog,pg_trigger,0,0,0,0,0,0,0,0,0,0,0,0,0,0,0,0,0,0
1416639250.26164,pg_catalog,pg_shseclabel,0,0,0,0,0,0,0,0,0,0,0,0,0,0,,,,
1416639250.26164,pg_catalog,pg_event_trigger,0,0,1807,0,0,0,0,0,0,0,0,0,537,1270,,,,
1416639250.26164,pg_catalog,pg_foreign_table,0,0,0,0,0,0,0,0,0,0,0,0,0,0,,,,
1416639250.26164,pg_catalog,pg_extension,0,0,0,0,0,0,0,0,0,0,0,0,0,0,,,,
1416639250.26164,pg_catalog,pg_ts_config,0,0,0,0,0,0,0,0,0,0,0,0,0,0,,,,
1416639250.26164,pg_catalog,pg_shdescription,0,0,0,0,0,0,0,0,0,0,0,0,0,0,0,0,0,0
1416639250.26164,pg_catalog,pg_cast,0,0,1164561,275679,0,0,0,0,0,0,1406,274273,867,1196923,,,,
1416639250.26164,pg_catalog,pg_amop,0,0,303925,537207,0,0,0,0,0,0,2374,514205,5487,643114,,,,
1416639250.26164,pg_catalog,pg_user_mapping,0,0,0,0,0,0,0,0,0,0,0,0,0,0,,,,
1416639250.26164,pg_catalog,pg_type,0,0,823434,815331,2151,0,2132,0,360,61,5163,819485,7962,1692226,,,,
1416639250.26164,information_schema,sql_parts,0,0,,,0,0,0,0,0,0,0,0,,,0,0,0,0
1416639250.26164,pg_catalog,pg_largeobject,0,0,0,0,0,0,0,0,0,0,0,0,0,0,,,,
1416639250.26164,pg_catalog,pg_ts_config_map,0,0,0,0,0,0,0,0,0,0,0,0,0,0,,,,
1416639250.26164,pg_catalog,pg_largeobject_metadata,0,0,0,0,0,0,0,0,0,0,0,0,0,0,,,,
1416639250.26164,pg_catalog,pg_am,41426,41426,0,0,0,0,0,0,0,0,448,40978,0,0,,,,
1416639250.26164,pg_toast,pg_toast_12718,0,0,0,0,0,0,0,0,0,0,0,0,0,0,,,,
1416639250.26164,pg_catalog,pg_ts_template,0,0,0,0,0,0,0,0,0,0,0,0,0,0,,,,
1416639250.26164,pg_catalog,pg_foreign_server,0,0,0,0,0,0,0,0,0,0,0,0,0,0,,,,
1416639250.26164,pg_catalog,pg_namespace,1448,48670,183720,149409,42,0,0,0,42,0,457,150506,2187,218385,,,,
1416639250.26164,pg_toast,pg_toast_2619,0,0,138387,467956,5656,0,5404,0,262,12,45675,183277,2748,278927,,,,
1416639250.26164,public,nation,13,50,42,42,25,0,0,0,25,0,5,49,2,50,,,,
1416639250.26164,pg_catalog,pg_authid,798,798,68919,68919,0,0,0,0,0,0,385,69332,1821,136017,,,,
1416639250.26164,pg_catalog,pg_default_acl,0,0,4340,0,0,0,0,0,0,0,0,0,491,3849,,,,
1416639250.26164,pg_catalog,pg_shdepend,0,0,5879,1128,0,0,0,0,0,0,536,592,2102,5939,,,,
1416639250.26164,pg_catalog,pg_constraint,0,0,296,144,152,0,144,0,10,32,84,839,152,1512,0,0,0,0
1416639250.26164,pg_catalog,pg_index,4913,459022,376947,540354,830,0,802,0,143,0,4131,529184,2603,431866,,,,
1416639250.26164,public,customer,10,9000000,28,28,1500000,0,0,0,1500000,0,68535,365453,17758,110,,,,
1416639250.26164,pg_catalog,pg_ts_dict,0,0,0,0,0,0,0,0,0,0,0,0,0,0,,,,
1416639250.26164,pg_toast,pg_toast_2604,0,0,0,0,0,0,0,0,0,0,0,0,0,0,,,,
1416639250.26164,public,region,6,10,8,8,5,0,0,0,5,0,5,15,2,10,,,,
1416639250.26164,pg_catalog,pg_proc,0,0,302869,449508,0,0,0,0,0,0,29468,297080,12211,659080,0,0,0,0
1416639310.26203,pg_catalog,pg_attrdef,0,0,0,0,0,0,0,0,0,0,0,0,0,0,0,0,0,0
1416639310.26203,pg_catalog,pg_db_role_setting,0,0,148852,0,0,0,0,0,0,0,0,0,375,148477,0,0,0,0
1416639310.26203,pg_toast,pg_toast_12713,0,0,0,0,0,0,0,0,0,0,0,0,0,0,,,,
1416639310.26203,pg_catalog,pg_rowsecurity,0,0,0,0,0,0,0,0,0,0,0,0,0,0,,,,
1416639310.26203,pg_catalog,pg_description,0,0,4750,0,0,0,0,0,0,0,0,0,1519,9056,0,0,0,0
1416639310.26203,pg_catalog,pg_foreign_data_wrapper,0,0,0,0,0,0,0,0,0,0,0,0,0,0,,,,
1416639310.26203,pg_catalog,pg_conversion,0,0,0,0,0,0,0,0,0,0,0,0,0,0,,,,
1416639310.26203,pg_catalog,pg_class,12556,2817192,848895,775937,1915,597,1877,585,337,72,7820,889185,7558,1777222,,,,
1416639310.26203,information_schema,sql_implementation_info,0,0,,,0,0,0,0,0,0,0,0,,,0,0,0,0
1416639310.26203,pg_catalog,pg_opfamily,0,0,0,0,0,0,0,0,0,0,0,0,0,0,,,,
1416639310.26203,pg_catalog,pg_auth_members,0,0,0,0,0,0,0,0,0,0,0,0,0,0,,,,
1416639310.26203,pg_catalog,pg_operator,0,0,268291,1405231,0,0,0,0,0,0,6779,972703,5997,581690,,,,
1416639310.26203,information_schema,sql_languages,0,0,,,0,0,0,0,0,0,0,0,,,0,0,0,0
1416639310.26203,public,partsupp,8,24000000,16,16,8000000,0,0,0,8000000,0,340615,1296493,21941,54,,,,
1416639310.26203,pg_toast,pg_toast_12693,0,0,0,0,0,0,0,0,0,0,0,0,0,0,,,,
1416639310.26203,pg_catalog,pg_attribute,2596,17700,695088,1568717,6960,190,6782,161,2514,328,23723,777200,6436,1455503,,,,
1416639310.26203,public,supplier,6,400000,42,42,100000,0,0,0,100000,0,2314,20052,280,103,,,,
1416639310.26203,pg_toast,pg_toast_12698,0,0,0,0,0,0,0,0,0,0,0,0,0,0,,,,
1416639310.26203,pg_catalog,pg_tablespace,2,4,24596,24596,0,0,0,0,0,0,655,23943,1365,47939,,,,
1416639310.26203,pg_catalog,pg_statistic,0,0,191346,184172,1549,4415,1486,3731,464,55,18346,178524,2077,410281,45681,183282,2748,278949
1416639310.26203,pg_toast,pg_toast_12703,0,0,0,0,0,0,0,0,0,0,0,0,0,0,,,,
1416639310.26203,information_schema,sql_packages,0,0,,,0,0,0,0,0,0,0,0,,,0,0,0,0
1416639310.26203,information_schema,sql_sizing_profiles,0,0,,,0,0,0,0,0,0,0,0,,,0,0,0,0
1416639310.26203,pg_catalog,pg_aggregate,0,0,18564,18564,0,0,0,0,0,0,1310,17254,3030,29322,,,,
1416639310.26203,pg_catalog,pg_inherits,0,0,1075,0,0,0,0,0,0,0,0,0,539,536,,,,
1416639310.26203,pg_catalog,pg_enum,0,0,0,0,0,0,0,0,0,0,0,0,0,0,,,,
1416639310.26203,pg_toast,pg_toast_2396,0,0,0,0,0,0,0,0,0,0,0,0,0,0,,,,
1416639310.26203,pg_catalog,pg_pltemplate,0,0,0,0,0,0,0,0,0,0,0,0,0,0,,,,
1416639310.26203,pg_toast,pg_toast_2618,0,0,3377,10784,0,0,0,0,0,0,2091,2051,609,4839,,,,
1416639310.26203,public,time_statistics,3,8,,,5,3,0,3,5,3,2,9,,,,,,
1416639310.26203,pg_toast,pg_toast_3596,0,0,0,0,0,0,0,0,0,0,0,0,0,0,,,,
1416639310.26203,information_schema,sql_features,0,0,,,0,0,0,0,0,0,0,0,,,0,0,0,0
1416639310.26203,pg_toast,pg_toast_2606,0,0,0,0,0,0,0,0,0,0,0,0,0,0,,,,
1416639310.26203,pg_toast,pg_toast_12723,0,0,0,0,0,0,0,0,0,0,0,0,0,0,,,,
1416639310.26203,pg_toast,pg_toast_2964,0,0,0,0,0,0,0,0,0,0,0,0,0,0,,,,
1416639310.26203,pg_catalog,pg_database,3627,14064,120981,120979,1,0,0,0,1,0,265,124342,1749,193586,,,,
1416639310.26203,information_schema,sql_sizing,0,0,,,0,0,0,0,0,0,0,0,,,0,0,0,0
1416639310.26203,pg_toast,pg_toast_2620,0,0,0,0,0,0,0,0,0,0,0,0,0,0,,,,
1416639310.26203,pg_catalog,pg_depend,0,0,44802,48151,8267,0,8178,0,7106,673,8530,55590,12287,115472,,,,
1416639310.26203,pg_catalog,pg_language,0,0,0,0,0,0,0,0,0,0,0,0,0,0,,,,
1416639310.26203,pg_catalog,pg_amproc,472,944,158080,329059,0,0,0,0,0,0,1710,155333,1371,350544,,,,
1416639310.26203,public,orders,10,60000000,30,30,15015000,0,0,0,15015000,0,504848,2066080,41283,110443,,,,
1416639310.26203,pg_catalog,pg_collation,0,0,0,0,0,0,0,0,0,0,0,0,0,0,,,,
1416639310.26203,pg_toast,pg_toast_12708,0,0,0,0,0,0,0,0,0,0,0,0,0,0,,,,
1416639310.26203,public,lineitem,17,539874468,59,60045727,60045669,0,0,0,60045385,0,11020693,5443865,380178,1009706,,,,
1416639310.26203,pg_catalog,pg_range,0,0,8366,0,0,0,0,0,0,0,0,0,3081,13651,,,,
1416639310.26203,pg_toast,pg_toast_2609,0,0,0,0,0,0,0,0,0,0,0,0,0,0,,,,
1416639310.26203,pg_catalog,pg_opclass,472,472,215794,2362878,0,0,0,0,0,0,1393,940617,3143,262989,,,,
1416639310.26203,public,part,9,14000000,28,28,2000000,0,0,0,2000000,0,119531,408800,42771,105,,,,
1416639310.26203,pg_catalog,pg_rewrite,0,0,8265,6474,597,0,597,0,110,9,4366,7171,1978,12106,2091,2051,1218,9678
1416639310.26203,pg_toast,pg_toast_1255,0,0,0,0,0,0,0,0,0,0,0,0,0,0,,,,
1416639310.26203,pg_catalog,pg_seclabel,0,0,4750,0,0,0,0,0,0,0,0,0,490,4260,0,0,0,0
1416639310.26203,pg_catalog,pg_ts_parser,0,0,0,0,0,0,0,0,0,0,0,0,0,0,,,,
1416639310.26203,pg_catalog,pg_trigger,0,0,0,0,0,0,0,0,0,0,0,0,0,0,0,0,0,0
1416639310.26203,pg_catalog,pg_shseclabel,0,0,0,0,0,0,0,0,0,0,0,0,0,0,,,,
1416639310.26203,pg_catalog,pg_event_trigger,0,0,1807,0,0,0,0,0,0,0,0,0,537,1270,,,,
1416639310.26203,pg_catalog,pg_foreign_table,0,0,0,0,0,0,0,0,0,0,0,0,0,0,,,,
1416639310.26203,pg_catalog,pg_extension,0,0,0,0,0,0,0,0,0,0,0,0,0,0,,,,
1416639310.26203,pg_catalog,pg_ts_config,0,0,0,0,0,0,0,0,0,0,0,0,0,0,,,,
1416639310.26203,pg_catalog,pg_shdescription,0,0,0,0,0,0,0,0,0,0,0,0,0,0,0,0,0,0
1416639310.26203,pg_catalog,pg_cast,0,0,1164763,275741,0,0,0,0,0,0,1406,274335,867,1197134,,,,
1416639310.26203,pg_catalog,pg_amop,0,0,303969,537289,0,0,0,0,0,0,2376,514282,5487,643212,,,,
1416639310.26203,pg_catalog,pg_user_mapping,0,0,0,0,0,0,0,0,0,0,0,0,0,0,,,,
1416639310.26203,pg_catalog,pg_type,0,0,823643,815540,2151,0,2132,0,360,61,5164,819693,7962,1692655,,,,
1416639310.26203,information_schema,sql_parts,0,0,,,0,0,0,0,0,0,0,0,,,0,0,0,0
1416639310.26203,pg_catalog,pg_largeobject,0,0,0,0,0,0,0,0,0,0,0,0,0,0,,,,
1416639310.26203,pg_catalog,pg_ts_config_map,0,0,0,0,0,0,0,0,0,0,0,0,0,0,,,,
1416639310.26203,pg_catalog,pg_largeobject_metadata,0,0,0,0,0,0,0,0,0,0,0,0,0,0,,,,
1416639310.26203,pg_catalog,pg_am,41441,41441,0,0,0,0,0,0,0,0,448,40993,0,0,,,,
1416639310.26203,pg_toast,pg_toast_12718,0,0,0,0,0,0,0,0,0,0,0,0,0,0,,,,
1416639310.26203,pg_catalog,pg_ts_template,0,0,0,0,0,0,0,0,0,0,0,0,0,0,,,,
1416639310.26203,pg_catalog,pg_foreign_server,0,0,0,0,0,0,0,0,0,0,0,0,0,0,,,,
1416639310.26203,pg_catalog,pg_namespace,1450,48766,183892,149571,42,0,0,0,42,0,457,150670,2188,218568,,,,
1416639310.26203,pg_toast,pg_toast_2619,0,0,138396,467980,5656,0,5404,0,262,12,45681,183282,2748,278949,,,,
1416639310.26203,public,nation,13,50,42,42,25,0,0,0,25,0,5,49,2,50,,,,
1416639310.26203,pg_catalog,pg_authid,801,801,68959,68959,0,0,0,0,0,0,386,69374,1825,136093,,,,
1416639310.26203,pg_catalog,pg_default_acl,0,0,4340,0,0,0,0,0,0,0,0,0,491,3849,,,,
1416639310.26203,pg_catalog,pg_shdepend,0,0,5879,1128,0,0,0,0,0,0,536,592,2102,5939,,,,
1416639310.26203,pg_catalog,pg_constraint,0,0,296,144,152,0,144,0,10,32,84,839,152,1512,0,0,0,0
1416639310.26203,pg_catalog,pg_index,4918,459737,377025,540463,830,0,802,0,143,0,4131,529312,2603,431963,,,,
1416639310.26203,public,customer,10,9000000,28,28,1500000,0,0,0,1500000,0,68535,365453,17758,110,,,,
1416639310.26203,pg_catalog,pg_ts_dict,0,0,0,0,0,0,0,0,0,0,0,0,0,0,,,,
1416639310.26203,pg_toast,pg_toast_2604,0,0,0,0,0,0,0,0,0,0,0,0,0,0,,,,
1416639310.26203,public,region,6,10,8,8,5,0,0,0,5,0,5,15,2,10,,,,
1416639310.26203,pg_catalog,pg_proc,0,0,302973,449647,0,0,0,0,0,0,29481,297183,12213,659305,0,0,0,0
1416639370.26613,pg_catalog,pg_attrdef,0,0,0,0,0,0,0,0,0,0,0,0,0,0,0,0,0,0
1416639370.26613,pg_catalog,pg_db_role_setting,0,0,148892,0,0,0,0,0,0,0,0,0,375,148517,0,0,0,0
1416639370.26613,pg_toast,pg_toast_12713,0,0,0,0,0,0,0,0,0,0,0,0,0,0,,,,
1416639370.26613,pg_catalog,pg_rowsecurity,0,0,0,0,0,0,0,0,0,0,0,0,0,0,,,,
1416639370.26613,pg_catalog,pg_description,0,0,4750,0,0,0,0,0,0,0,0,0,1519,9056,0,0,0,0
1416639370.26613,pg_catalog,pg_foreign_data_wrapper,0,0,0,0,0,0,0,0,0,0,0,0,0,0,,,,
1416639370.26613,pg_catalog,pg_conversion,0,0,0,0,0,0,0,0,0,0,0,0,0,0,,,,
1416639370.26613,pg_catalog,pg_class,12566,2820242,849299,776334,1915,597,1877,585,337,72,7823,889680,7562,1778048,,,,
1416639370.26613,information_schema,sql_implementation_info,0,0,,,0,0,0,0,0,0,0,0,,,0,0,0,0
1416639370.26613,pg_catalog,pg_opfamily,0,0,0,0,0,0,0,0,0,0,0,0,0,0,,,,
1416639370.26613,pg_catalog,pg_auth_members,0,0,0,0,0,0,0,0,0,0,0,0,0,0,,,,
1416639370.26613,pg_catalog,pg_operator,0,0,268324,1405326,0,0,0,0,0,0,6779,972772,5997,581768,,,,
1416639370.26613,information_schema,sql_languages,0,0,,,0,0,0,0,0,0,0,0,,,0,0,0,0
1416639370.26613,public,partsupp,9,32000000,6371,25424,8000000,0,0,0,8000000,0,511573,1303591,26319,14850,,,,
1416639370.26613,pg_toast,pg_toast_12693,0,0,0,0,0,0,0,0,0,0,0,0,0,0,,,,
1416639370.26613,pg_catalog,pg_attribute,2596,17700,695342,1569147,6960,190,6782,161,2514,328,23727,777460,6439,1456019,,,,
1416639370.26613,public,supplier,6,400000,25459,525454,100000,0,0,0,100000,0,4493,54180,560,50804,,,,
1416639370.26613,pg_toast,pg_toast_12698,0,0,0,0,0,0,0,0,0,0,0,0,0,0,,,,
1416639370.26613,pg_catalog,pg_tablespace,2,4,24603,24603,0,0,0,0,0,0,655,23950,1365,47953,,,,
1416639370.26613,pg_catalog,pg_statistic,0,0,191394,184211,1549,4415,1486,3731,464,55,18357,178552,2077,410384,45702,183293,2748,278987
1416639370.26613,pg_toast,pg_toast_12703,0,0,0,0,0,0,0,0,0,0,0,0,0,0,,,,
1416639370.26613,information_schema,sql_packages,0,0,,,0,0,0,0,0,0,0,0,,,0,0,0,0
1416639370.26613,information_schema,sql_sizing_profiles,0,0,,,0,0,0,0,0,0,0,0,,,0,0,0,0
1416639370.26613,pg_catalog,pg_aggregate,0,0,18566,18566,0,0,0,0,0,0,1310,17256,3030,29326,,,,
1416639370.26613,pg_catalog,pg_inherits,0,0,1075,0,0,0,0,0,0,0,0,0,539,536,,,,
1416639370.26613,pg_catalog,pg_enum,0,0,0,0,0,0,0,0,0,0,0,0,0,0,,,,
1416639370.26613,pg_toast,pg_toast_2396,0,0,0,0,0,0,0,0,0,0,0,0,0,0,,,,
1416639370.26613,pg_catalog,pg_pltemplate,0,0,0,0,0,0,0,0,0,0,0,0,0,0,,,,
1416639370.26613,pg_toast,pg_toast_2618,0,0,3382,10800,0,0,0,0,0,0,2095,2053,609,4847,,,,
1416639370.26613,public,time_statistics,4,13,,,6,4,0,4,6,4,2,12,,,,,,
1416639370.26613,pg_toast,pg_toast_3596,0,0,0,0,0,0,0,0,0,0,0,0,0,0,,,,
1416639370.26613,information_schema,sql_features,0,0,,,0,0,0,0,0,0,0,0,,,0,0,0,0
1416639370.26613,pg_toast,pg_toast_2606,0,0,0,0,0,0,0,0,0,0,0,0,0,0,,,,
1416639370.26613,pg_toast,pg_toast_12723,0,0,0,0,0,0,0,0,0,0,0,0,0,0,,,,
1416639370.26613,pg_toast,pg_toast_2964,0,0,0,0,0,0,0,0,0,0,0,0,0,0,,,,
1416639370.26613,pg_catalog,pg_database,3630,14076,121019,121017,1,0,0,0,1,0,265,124383,1749,193644,,,,
1416639370.26613,information_schema,sql_sizing,0,0,,,0,0,0,0,0,0,0,0,,,0,0,0,0
1416639370.26613,pg_toast,pg_toast_2620,0,0,0,0,0,0,0,0,0,0,0,0,0,0,,,,
1416639370.26613,pg_catalog,pg_depend,0,0,44802,48151,8267,0,8178,0,7106,673,8530,55590,12287,115472,,,,
1416639370.26613,pg_catalog,pg_language,0,0,0,0,0,0,0,0,0,0,0,0,0,0,,,,
1416639370.26613,pg_catalog,pg_amproc,472,944,158111,329111,0,0,0,0,0,0,1711,155362,1374,350612,,,,
1416639370.26613,public,orders,10,60000000,30,30,15015000,0,0,0,15015000,0,504848,2066080,41283,110443,,,,
1416639370.26613,pg_catalog,pg_collation,0,0,0,0,0,0,0,0,0,0,0,0,0,0,,,,
1416639370.26613,pg_toast,pg_toast_12708,0,0,0,0,0,0,0,0,0,0,0,0,0,0,,,,
1416639370.26613,public,lineitem,17,539874468,59,60045727,60045669,0,0,0,60045385,0,11020693,5443865,380178,1009706,,,,
1416639370.26613,pg_catalog,pg_range,0,0,8367,0,0,0,0,0,0,0,0,0,3081,13653,,,,
1416639370.26613,pg_toast,pg_toast_2609,0,0,0,0,0,0,0,0,0,0,0,0,0,0,,,,
1416639370.26613,pg_catalog,pg_opclass,472,472,215831,2363325,0,0,0,0,0,0,1394,940789,3145,263037,,,,
1416639370.26613,public,part,9,14000000,33,2000032,2000000,0,0,0,2000000,0,160051,409558,48242,117,,,,
1416639370.26613,pg_catalog,pg_rewrite,0,0,8272,6481,597,0,597,0,110,9,4369,7175,1978,12118,2095,2053,1218,9694
1416639370.26613,pg_toast,pg_toast_1255,0,0,0,0,0,0,0,0,0,0,0,0,0,0,,,,
1416639370.26613,pg_catalog,pg_seclabel,0,0,4750,0,0,0,0,0,0,0,0,0,490,4260,0,0,0,0
1416639370.26613,pg_catalog,pg_ts_parser,0,0,0,0,0,0,0,0,0,0,0,0,0,0,,,,
1416639370.26613,pg_catalog,pg_trigger,0,0,0,0,0,0,0,0,0,0,0,0,0,0,0,0,0,0
1416639370.26613,pg_catalog,pg_shseclabel,0,0,0,0,0,0,0,0,0,0,0,0,0,0,,,,
1416639370.26613,pg_catalog,pg_event_trigger,0,0,1807,0,0,0,0,0,0,0,0,0,537,1270,,,,
1416639370.26613,pg_catalog,pg_foreign_table,0,0,0,0,0,0,0,0,0,0,0,0,0,0,,,,
1416639370.26613,pg_catalog,pg_extension,0,0,0,0,0,0,0,0,0,0,0,0,0,0,,,,
1416639370.26613,pg_catalog,pg_ts_config,0,0,0,0,0,0,0,0,0,0,0,0,0,0,,,,
1416639370.26613,pg_catalog,pg_shdescription,0,0,0,0,0,0,0,0,0,0,0,0,0,0,0,0,0,0
1416639370.26613,pg_catalog,pg_cast,0,0,1164916,275787,0,0,0,0,0,0,1406,274381,867,1197295,,,,
1416639370.26613,pg_catalog,pg_amop,0,0,304028,537387,0,0,0,0,0,0,2376,514378,5488,643340,,,,
1416639370.26613,pg_catalog,pg_user_mapping,0,0,0,0,0,0,0,0,0,0,0,0,0,0,,,,
1416639370.26613,pg_catalog,pg_type,0,0,823794,815691,2151,0,2132,0,360,61,5164,819844,7962,1692965,,,,
1416639370.26613,information_schema,sql_parts,0,0,,,0,0,0,0,0,0,0,0,,,0,0,0,0
1416639370.26613,pg_catalog,pg_largeobject,0,0,0,0,0,0,0,0,0,0,0,0,0,0,,,,
1416639370.26613,pg_catalog,pg_ts_config_map,0,0,0,0,0,0,0,0,0,0,0,0,0,0,,,,
1416639370.26613,pg_catalog,pg_largeobject_metadata,0,0,0,0,0,0,0,0,0,0,0,0,0,0,,,,
1416639370.26613,pg_catalog,pg_am,41451,41451,0,0,0,0,0,0,0,0,449,41002,0,0,,,,
1416639370.26613,pg_toast,pg_toast_12718,0,0,0,0,0,0,0,0,0,0,0,0,0,0,,,,
1416639370.26613,pg_catalog,pg_ts_template,0,0,0,0,0,0,0,0,0,0,0,0,0,0,,,,
1416639370.26613,pg_catalog,pg_foreign_server,0,0,0,0,0,0,0,0,0,0,0,0,0,0,,,,
1416639370.26613,pg_catalog,pg_namespace,1452,48862,184058,149729,42,0,0,0,42,0,457,150830,2188,218744,,,,
1416639370.26613,pg_toast,pg_toast_2619,0,0,138413,468052,5656,0,5404,0,262,12,45702,183293,2748,278987,,,,
1416639370.26613,public,nation,14,75,25454,25454,25,0,0,0,25,0,6,25461,4,25461,,,,
1416639370.26613,pg_catalog,pg_authid,802,802,68975,68975,0,0,0,0,0,0,386,69391,1825,136125,,,,
1416639370.26613,pg_catalog,pg_default_acl,0,0,4340,0,0,0,0,0,0,0,0,0,491,3849,,,,
1416639370.26613,pg_catalog,pg_shdepend,0,0,5879,1128,0,0,0,0,0,0,536,592,2102,5939,,,,
1416639370.26613,pg_catalog,pg_constraint,0,0,296,144,152,0,144,0,10,32,84,839,152,1512,0,0,0,0
1416639370.26613,pg_catalog,pg_index,4923,460452,377092,540550,830,0,802,0,143,0,4132,529415,2605,432043,,,,
1416639370.26613,public,customer,10,9000000,28,28,1500000,0,0,0,1500000,0,68535,365453,17758,110,,,,
1416639370.26613,pg_catalog,pg_ts_dict,0,0,0,0,0,0,0,0,0,0,0,0,0,0,,,,
1416639370.26613,pg_toast,pg_toast_2604,0,0,0,0,0,0,0,0,0,0,0,0,0,0,,,,
1416639370.26613,public,region,6359,31770,12,12,5,0,0,0,5,0,6,6370,4,13,,,,
1416639370.26613,pg_catalog,pg_proc,0,0,303067,449796,0,0,0,0,0,0,29488,297286,12214,659508,0,0,0,0
1416639430.26725,pg_catalog,pg_attrdef,0,0,0,0,0,0,0,0,0,0,0,0,0,0,0,0,0,0
1416639430.26725,pg_catalog,pg_db_role_setting,0,0,148944,0,0,0,0,0,0,0,0,0,376,148568,0,0,0,0
1416639430.26725,pg_toast,pg_toast_12713,0,0,0,0,0,0,0,0,0,0,0,0,0,0,,,,
1416639430.26725,pg_catalog,pg_rowsecurity,0,0,0,0,0,0,0,0,0,0,0,0,0,0,,,,
1416639430.26725,pg_catalog,pg_description,0,0,4750,0,0,0,0,0,0,0,0,0,1519,9056,0,0,0,0
1416639430.26725,pg_catalog,pg_foreign_data_wrapper,0,0,0,0,0,0,0,0,0,0,0,0,0,0,,,,
1416639430.26725,pg_catalog,pg_conversion,0,0,0,0,0,0,0,0,0,0,0,0,0,0,,,,
1416639430.26725,pg_catalog,pg_class,12576,2823292,849783,776803,1915,597,1877,585,337,72,7832,890241,7573,1779034,,,,
1416639430.26725,information_schema,sql_implementation_info,0,0,,,0,0,0,0,0,0,0,0,,,0,0,0,0
1416639430.26725,pg_catalog,pg_opfamily,0,0,0,0,0,0,0,0,0,0,0,0,0,0,,,,
1416639430.26725,pg_catalog,pg_auth_members,0,0,0,0,0,0,0,0,0,0,0,0,0,0,,,,
1416639430.26725,pg_catalog,pg_operator,0,0,268394,1405642,0,0,0,0,0,0,6794,972981,6008,581915,,,,
1416639430.26725,information_schema,sql_languages,0,0,,,0,0,0,0,0,0,0,0,,,0,0,0,0
1416639430.26725,public,partsupp,10,40000000,28151,112514,8000000,0,0,0,8000000,0,666099,1344357,40352,66502,,,,
1416639430.26725,pg_toast,pg_toast_12693,0,0,0,0,0,0,0,0,0,0,0,0,0,0,,,,
1416639430.26725,pg_catalog,pg_attribute,2596,17700,695674,1569767,6960,190,6782,161,2514,328,23753,777779,6447,1456693,,,,
1416639430.26725,public,supplier,6,400000,3265917,3865911,100000,0,0,0,100000,0,4493,3296816,565,6549333,,,,
1416639430.26725,pg_toast,pg_toast_12698,0,0,0,0,0,0,0,0,0,0,0,0,0,0,,,,
1416639430.26725,pg_catalog,pg_tablespace,2,4,24612,24612,0,0,0,0,0,0,656,23958,1367,47969,,,,
1416639430.26725,pg_catalog,pg_statistic,0,0,191464,184267,1549,4415,1486,3731,464,55,18377,178588,2083,410528,45730,183321,2754,279058
1416639430.26725,pg_toast,pg_toast_12703,0,0,0,0,0,0,0,0,0,0,0,0,0,0,,,,
1416639430.26725,information_schema,sql_packages,0,0,,,0,0,0,0,0,0,0,0,,,0,0,0,0
1416639430.26725,information_schema,sql_sizing_profiles,0,0,,,0,0,0,0,0,0,0,0,,,0,0,0,0
1416639430.26725,pg_catalog,pg_aggregate,0,0,18569,18569,0,0,0,0,0,0,1312,17257,3034,29328,,,,
1416639430.26725,pg_catalog,pg_inherits,0,0,1075,0,0,0,0,0,0,0,0,0,539,536,,,,
1416639430.26725,pg_catalog,pg_enum,0,0,0,0,0,0,0,0,0,0,0,0,0,0,,,,
1416639430.26725,pg_toast,pg_toast_2396,0,0,0,0,0,0,0,0,0,0,0,0,0,0,,,,
1416639430.26725,pg_catalog,pg_pltemplate,0,0,0,0,0,0,0,0,0,0,0,0,0,0,,,,
1416639430.26725,pg_toast,pg_toast_2618,0,0,3388,10818,0,0,0,0,0,0,2101,2054,611,4855,,,,
1416639430.26725,public,time_statistics,6,26,,,8,6,0,6,8,6,3,17,,,,,,
1416639430.26725,pg_toast,pg_toast_3596,0,0,0,0,0,0,0,0,0,0,0,0,0,0,,,,
1416639430.26725,information_schema,sql_features,0,0,,,0,0,0,0,0,0,0,0,,,0,0,0,0
1416639430.26725,pg_toast,pg_toast_2606,0,0,0,0,0,0,0,0,0,0,0,0,0,0,,,,
1416639430.26725,pg_toast,pg_toast_12723,0,0,0,0,0,0,0,0,0,0,0,0,0,0,,,,
1416639430.26725,pg_toast,pg_toast_2964,0,0,0,0,0,0,0,0,0,0,0,0,0,0,,,,
1416639430.26725,pg_catalog,pg_database,3633,14088,121066,121064,1,0,0,0,1,0,265,124433,1753,193713,,,,
1416639430.26725,information_schema,sql_sizing,0,0,,,0,0,0,0,0,0,0,0,,,0,0,0,0
1416639430.26725,pg_toast,pg_toast_2620,0,0,0,0,0,0,0,0,0,0,0,0,0,0,,,,
1416639430.26725,pg_catalog,pg_depend,0,0,44802,48151,8267,0,8178,0,7106,673,8530,55590,12287,115472,,,,
1416639430.26725,pg_catalog,pg_language,0,0,0,0,0,0,0,0,0,0,0,0,0,0,,,,
1416639430.26725,pg_catalog,pg_amproc,472,944,158160,329223,0,0,0,0,0,0,1713,155407,1375,350721,,,,
1416639430.26725,public,orders,10,60000000,3240479,3240479,15015000,0,0,0,15015000,0,954673,4856704,82370,9808532,,,,
1416639430.26725,pg_catalog,pg_collation,0,0,0,0,0,0,0,0,0,0,0,0,0,0,,,,
1416639430.26725,pg_toast,pg_toast_12708,0,0,0,0,0,0,0,0,0,0,0,0,0,0,,,,
1416639430.26725,public,lineitem,17,539874468,518657,75625641,60045669,0,0,0,60045385,0,12416974,19627494,484511,3023793,,,,
1416639430.26725,pg_catalog,pg_range,0,0,8369,0,0,0,0,0,0,0,0,0,3085,13653,,,,
1416639430.26725,pg_toast,pg_toast_2609,0,0,0,0,0,0,0,0,0,0,0,0,0,0,,,,
1416639430.26725,pg_catalog,pg_opclass,472,472,215882,2363786,0,0,0,0,0,0,1396,940974,3148,263102,,,,
1416639430.26725,public,part,10,16000000,44,2021812,2000000,0,0,0,2000000,0,176973,450088,48400,146,,,,
1416639430.26725,pg_catalog,pg_rewrite,0,0,8280,6489,597,0,597,0,110,9,4375,7177,1980,12130,2101,2054,1222,9710
1416639430.26725,pg_toast,pg_toast_1255,0,0,0,0,0,0,0,0,0,0,0,0,0,0,,,,
1416639430.26725,pg_catalog,pg_seclabel,0,0,4750,0,0,0,0,0,0,0,0,0,490,4260,0,0,0,0
1416639430.26725,pg_catalog,pg_ts_parser,0,0,0,0,0,0,0,0,0,0,0,0,0,0,,,,
1416639430.26725,pg_catalog,pg_trigger,0,0,0,0,0,0,0,0,0,0,0,0,0,0,0,0,0,0
1416639430.26725,pg_catalog,pg_shseclabel,0,0,0,0,0,0,0,0,0,0,0,0,0,0,,,,
1416639430.26725,pg_catalog,pg_event_trigger,0,0,1807,0,0,0,0,0,0,0,0,0,537,1270,,,,
1416639430.26725,pg_catalog,pg_foreign_table,0,0,0,0,0,0,0,0,0,0,0,0,0,0,,,,
1416639430.26725,pg_catalog,pg_extension,0,0,0,0,0,0,0,0,0,0,0,0,0,0,,,,
1416639430.26725,pg_catalog,pg_ts_config,0,0,0,0,0,0,0,0,0,0,0,0,0,0,,,,
1416639430.26725,pg_catalog,pg_shdescription,0,0,0,0,0,0,0,0,0,0,0,0,0,0,0,0,0,0
1416639430.26725,pg_catalog,pg_cast,0,0,1165208,275881,0,0,0,0,0,0,1408,274473,869,1197597,,,,
1416639430.26725,pg_catalog,pg_amop,0,0,304116,537537,0,0,0,0,0,0,2381,514517,5496,643524,,,,
1416639430.26725,pg_catalog,pg_user_mapping,0,0,0,0,0,0,0,0,0,0,0,0,0,0,,,,
1416639430.26725,pg_catalog,pg_type,0,0,824074,815971,2151,0,2132,0,360,61,5169,820119,7969,1693532,,,,
1416639430.26725,information_schema,sql_parts,0,0,,,0,0,0,0,0,0,0,0,,,0,0,0,0
1416639430.26725,pg_catalog,pg_largeobject,0,0,0,0,0,0,0,0,0,0,0,0,0,0,,,,
1416639430.26725,pg_catalog,pg_ts_config_map,0,0,0,0,0,0,0,0,0,0,0,0,0,0,,,,
1416639430.26725,pg_catalog,pg_largeobject_metadata,0,0,0,0,0,0,0,0,0,0,0,0,0,0,,,,
1416639430.26725,pg_catalog,pg_am,41465,41465,0,0,0,0,0,0,0,0,449,41016,0,0,,,,
1416639430.26725,pg_toast,pg_toast_12718,0,0,0,0,0,0,0,0,0,0,0,0,0,0,,,,
1416639430.26725,pg_catalog,pg_ts_template,0,0,0,0,0,0,0,0,0,0,0,0,0,0,,,,
1416639430.26725,pg_catalog,pg_foreign_server,0,0,0,0,0,0,0,0,0,0,0,0,0,0,,,,
1416639430.26725,pg_catalog,pg_namespace,1454,48958,184237,149896,42,0,0,0,42,0,458,150998,2192,218933,,,,
1416639430.26725,pg_toast,pg_toast_2619,0,0,138449,468178,5656,0,5404,0,262,12,45730,183321,2754,279058,,,,
1416639430.26725,public,nation,16,125,25458,25458,25,0,0,0,25,0,7,25466,6,25465,,,,
1416639430.26725,pg_catalog,pg_authid,803,803,68997,68997,0,0,0,0,0,0,387,69413,1829,136165,,,,
1416639430.26725,pg_catalog,pg_default_acl,0,0,4340,0,0,0,0,0,0,0,0,0,491,3849,,,,
1416639430.26725,pg_catalog,pg_shdepend,0,0,5879,1128,0,0,0,0,0,0,536,592,2102,5939,,,,
1416639430.26725,pg_catalog,pg_constraint,0,0,296,144,152,0,144,0,10,32,84,839,152,1512,0,0,0,0
1416639430.26725,pg_catalog,pg_index,4928,461167,377205,540708,830,0,802,0,143,0,4137,529583,2607,432174,,,,
1416639430.26725,public,customer,10,9000000,28,28,1500000,0,0,0,1500000,0,68535,365453,17758,110,,,,
1416639430.26725,pg_catalog,pg_ts_dict,0,0,0,0,0,0,0,0,0,0,0,0,0,0,,,,
1416639430.26725,pg_toast,pg_toast_2604,0,0,0,0,0,0,0,0,0,0,0,0,0,0,,,,
1416639430.26725,public,region,6359,31770,12,12,5,0,0,0,5,0,6,6370,4,13,,,,
1416639430.26725,pg_catalog,pg_proc,0,0,303197,449989,0,0,0,0,0,0,29521,297404,12233,659773,0,0,0,0
1416639490.27242,pg_catalog,pg_attrdef,0,0,0,0,0,0,0,0,0,0,0,0,0,0,0,0,0,0
1416639490.27242,pg_catalog,pg_db_role_setting,0,0,148996,0,0,0,0,0,0,0,0,0,376,148620,0,0,0,0
1416639490.27242,pg_toast,pg_toast_12713,0,0,0,0,0,0,0,0,0,0,0,0,0,0,,,,
1416639490.27242,pg_catalog,pg_rowsecurity,0,0,0,0,0,0,0,0,0,0,0,0,0,0,,,,
1416639490.27242,pg_catalog,pg_description,0,0,4750,0,0,0,0,0,0,0,0,0,1519,9056,0,0,0,0
1416639490.27242,pg_catalog,pg_foreign_data_wrapper,0,0,0,0,0,0,0,0,0,0,0,0,0,0,,,,
1416639490.27242,pg_catalog,pg_conversion,0,0,0,0,0,0,0,0,0,0,0,0,0,0,,,,
1416639490.27242,pg_catalog,pg_class,12586,2826342,850189,777202,1915,597,1877,585,337,72,7833,890740,7576,1779867,,,,
1416639490.27242,information_schema,sql_implementation_info,0,0,,,0,0,0,0,0,0,0,0,,,0,0,0,0
1416639490.27242,pg_catalog,pg_opfamily,0,0,0,0,0,0,0,0,0,0,0,0,0,0,,,,
1416639490.27242,pg_catalog,pg_auth_members,0,0,0,0,0,0,0,0,0,0,0,0,0,0,,,,
1416639490.27242,pg_catalog,pg_operator,0,0,268455,1406034,0,0,0,0,0,0,6794,973259,6009,582052,,,,
1416639490.27242,information_schema,sql_languages,0,0,,,0,0,0,0,0,0,0,0,,,0,0,0,0
1416639490.27242,public,partsupp,10,40000000,28151,112514,8000000,0,0,0,8000000,0,666099,1344357,40352,66502,,,,
1416639490.27242,pg_toast,pg_toast_12693,0,0,0,0,0,0,0,0,0,0,0,0,0,0,,,,
1416639490.27242,pg_catalog,pg_attribute,2596,17700,695914,1570195,6960,190,6782,161,2514,328,23770,778012,6449,1457182,,,,
1416639490.27242,public,supplier,6,400000,3265917,3865911,100000,0,0,0,100000,0,4493,3296816,565,6549333,,,,
1416639490.27242,pg_toast,pg_toast_12698,0,0,0,0,0,0,0,0,0,0,0,0,0,0,,,,
1416639490.27242,pg_catalog,pg_tablespace,2,4,24621,24621,0,0,0,0,0,0,656,23967,1367,47987,,,,
1416639490.27242,pg_catalog,pg_statistic,0,0,191503,184296,1549,4415,1486,3731,464,55,18386,178608,2084,410613,45738,183329,2755,279088
1416639490.27242,pg_toast,pg_toast_12703,0,0,0,0,0,0,0,0,0,0,0,0,0,0,,,,
1416639490.27242,information_schema,sql_packages,0,0,,,0,0,0,0,0,0,0,0,,,0,0,0,0
1416639490.27242,information_schema,sql_sizing_profiles,0,0,,,0,0,0,0,0,0,0,0,,,0,0,0,0
1416639490.27242,pg_catalog,pg_aggregate,0,0,18573,18573,0,0,0,0,0,0,1313,17260,3036,29333,,,,
1416639490.27242,pg_catalog,pg_inherits,0,0,1075,0,0,0,0,0,0,0,0,0,539,536,,,,
1416639490.27242,pg_catalog,pg_enum,0,0,0,0,0,0,0,0,0,0,0,0,0,0,,,,
1416639490.27242,pg_toast,pg_toast_2396,0,0,0,0,0,0,0,0,0,0,0,0,0,0,,,,
1416639490.27242,pg_catalog,pg_pltemplate,0,0,0,0,0,0,0,0,0,0,0,0,0,0,,,,
1416639490.27242,pg_toast,pg_toast_2618,0,0,3392,10832,0,0,0,0,0,0,2105,2055,613,4859,,,,
1416639490.27242,public,time_statistics,8,43,,,10,8,0,8,10,8,3,23,,,,,,
1416639490.27242,pg_toast,pg_toast_3596,0,0,0,0,0,0,0,0,0,0,0,0,0,0,,,,
1416639490.27242,information_schema,sql_features,0,0,,,0,0,0,0,0,0,0,0,,,0,0,0,0
1416639490.27242,pg_toast,pg_toast_2606,0,0,0,0,0,0,0,0,0,0,0,0,0,0,,,,
1416639490.27242,pg_toast,pg_toast_12723,0,0,0,0,0,0,0,0,0,0,0,0,0,0,,,,
1416639490.27242,pg_toast,pg_toast_2964,0,0,0,0,0,0,0,0,0,0,0,0,0,0,,,,
1416639490.27242,pg_catalog,pg_database,3636,14100,121112,121110,1,0,0,0,1,0,265,124482,1753,193785,,,,
1416639490.27242,information_schema,sql_sizing,0,0,,,0,0,0,0,0,0,0,0,,,0,0,0,0
1416639490.27242,pg_toast,pg_toast_2620,0,0,0,0,0,0,0,0,0,0,0,0,0,0,,,,
1416639490.27242,pg_catalog,pg_depend,0,0,44802,48151,8267,0,8178,0,7106,673,8530,55590,12287,115472,,,,
1416639490.27242,pg_catalog,pg_language,0,0,0,0,0,0,0,0,0,0,0,0,0,0,,,,
1416639490.27242,pg_catalog,pg_amproc,472,944,158190,329312,0,0,0,0,0,0,1715,155435,1375,350790,,,,
1416639490.27242,public,orders,10,60000000,3240479,3240479,15015000,0,0,0,15015000,0,954673,4856704,82370,9808532,,,,
1416639490.27242,pg_catalog,pg_collation,0,0,0,0,0,0,0,0,0,0,0,0,0,0,,,,
1416639490.27242,pg_toast,pg_toast_12708,0,0,0,0,0,0,0,0,0,0,0,0,0,0,,,,
1416639490.27242,public,lineitem,17,539874468,522706,135676765,60045669,0,0,0,60045385,0,12806925,20366142,486397,3038334,,,,
1416639490.27242,pg_catalog,pg_range,0,0,8371,0,0,0,0,0,0,0,0,0,3087,13655,,,,
1416639490.27242,pg_toast,pg_toast_2609,0,0,0,0,0,0,0,0,0,0,0,0,0,0,,,,
1416639490.27242,pg_catalog,pg_opclass,472,472,215914,2363985,0,0,0,0,0,0,1396,941058,3150,263144,,,,
1416639490.27242,public,part,10,16000000,47,2023837,2000000,0,0,0,2000000,0,178941,450089,48425,147,,,,
1416639490.27242,pg_catalog,pg_rewrite,0,0,8286,6495,597,0,597,0,110,9,4379,7179,1982,12138,2105,2055,1226,9718
1416639490.27242,pg_toast,pg_toast_1255,0,0,0,0,0,0,0,0,0,0,0,0,0,0,,,,
1416639490.27242,pg_catalog,pg_seclabel,0,0,4750,0,0,0,0,0,0,0,0,0,490,4260,0,0,0,0
1416639490.27242,pg_catalog,pg_ts_parser,0,0,0,0,0,0,0,0,0,0,0,0,0,0,,,,
1416639490.27242,pg_catalog,pg_trigger,0,0,0,0,0,0,0,0,0,0,0,0,0,0,0,0,0,0
1416639490.27242,pg_catalog,pg_shseclabel,0,0,0,0,0,0,0,0,0,0,0,0,0,0,,,,
1416639490.27242,pg_catalog,pg_event_trigger,0,0,1807,0,0,0,0,0,0,0,0,0,537,1270,,,,
1416639490.27242,pg_catalog,pg_foreign_table,0,0,0,0,0,0,0,0,0,0,0,0,0,0,,,,
1416639490.27242,pg_catalog,pg_extension,0,0,0,0,0,0,0,0,0,0,0,0,0,0,,,,
1416639490.27242,pg_catalog,pg_ts_config,0,0,0,0,0,0,0,0,0,0,0,0,0,0,,,,
1416639490.27242,pg_catalog,pg_shdescription,0,0,0,0,0,0,0,0,0,0,0,0,0,0,0,0,0,0
1416639490.27242,pg_catalog,pg_cast,0,0,1165433,275941,0,0,0,0,0,0,1409,274532,869,1197832,,,,
1416639490.27242,pg_catalog,pg_amop,0,0,304165,537622,0,0,0,0,0,0,2381,514599,5497,643633,,,,
1416639490.27242,pg_catalog,pg_user_mapping,0,0,0,0,0,0,0,0,0,0,0,0,0,0,,,,
1416639490.27242,pg_catalog,pg_type,0,0,824308,816205,2151,0,2132,0,360,61,5169,820353,7970,1694010,,,,
1416639490.27242,information_schema,sql_parts,0,0,,,0,0,0,0,0,0,0,0,,,0,0,0,0
1416639490.27242,pg_catalog,pg_largeobject,0,0,0,0,0,0,0,0,0,0,0,0,0,0,,,,
1416639490.27242,pg_catalog,pg_ts_config_map,0,0,0,0,0,0,0,0,0,0,0,0,0,0,,,,
1416639490.27242,pg_catalog,pg_largeobject_metadata,0,0,0,0,0,0,0,0,0,0,0,0,0,0,,,,
1416639490.27242,pg_catalog,pg_am,41476,41476,0,0,0,0,0,0,0,0,449,41027,0,0,,,,
1416639490.27242,pg_toast,pg_toast_12718,0,0,0,0,0,0,0,0,0,0,0,0,0,0,,,,
1416639490.27242,pg_catalog,pg_ts_template,0,0,0,0,0,0,0,0,0,0,0,0,0,0,,,,
1416639490.27242,pg_catalog,pg_foreign_server,0,0,0,0,0,0,0,0,0,0,0,0,0,0,,,,
1416639490.27242,pg_catalog,pg_namespace,1456,49054,184409,150058,42,0,0,0,42,0,458,151162,2194,219115,,,,
1416639490.27242,pg_toast,pg_toast_2619,0,0,138462,468214,5656,0,5404,0,262,12,45738,183329,2755,279088,,,,
1416639490.27242,public,nation,16,125,25458,25458,25,0,0,0,25,0,7,25466,6,25465,,,,
1416639490.27242,pg_catalog,pg_authid,804,804,69019,69019,0,0,0,0,0,0,387,69436,1829,136209,,,,
1416639490.27242,pg_catalog,pg_default_acl,0,0,4340,0,0,0,0,0,0,0,0,0,491,3849,,,,
1416639490.27242,pg_catalog,pg_shdepend,0,0,5879,1128,0,0,0,0,0,0,536,592,2102,5939,,,,
1416639490.27242,pg_catalog,pg_constraint,0,0,296,144,152,0,144,0,10,32,84,839,152,1512,0,0,0,0
1416639490.27242,pg_catalog,pg_index,4933,461882,377277,540809,830,0,802,0,143,0,4138,529702,2608,432260,,,,
1416639490.27242,public,customer,10,9000000,28,28,1500000,0,0,0,1500000,0,68535,365453,17758,110,,,,
1416639490.27242,pg_catalog,pg_ts_dict,0,0,0,0,0,0,0,0,0,0,0,0,0,0,,,,
1416639490.27242,pg_toast,pg_toast_2604,0,0,0,0,0,0,0,0,0,0,0,0,0,0,,,,
1416639490.27242,public,region,6359,31770,12,12,5,0,0,0,5,0,6,6370,4,13,,,,
1416639490.27242,pg_catalog,pg_proc,0,0,303314,450154,0,0,0,0,0,0,29533,297521,12237,660023,0,0,0,0
1416639550.27383,pg_catalog,pg_attrdef,0,0,0,0,0,0,0,0,0,0,0,0,0,0,0,0,0,0
1416639550.27383,pg_catalog,pg_db_role_setting,0,0,149048,0,0,0,0,0,0,0,0,0,376,148672,0,0,0,0
1416639550.27383,pg_toast,pg_toast_12713,0,0,0,0,0,0,0,0,0,0,0,0,0,0,,,,
1416639550.27383,pg_catalog,pg_rowsecurity,0,0,0,0,0,0,0,0,0,0,0,0,0,0,,,,
1416639550.27383,pg_catalog,pg_description,0,0,4750,0,0,0,0,0,0,0,0,0,1519,9056,0,0,0,0
1416639550.27383,pg_catalog,pg_foreign_data_wrapper,0,0,0,0,0,0,0,0,0,0,0,0,0,0,,,,
1416639550.27383,pg_catalog,pg_conversion,0,0,0,0,0,0,0,0,0,0,0,0,0,0,,,,
1416639550.27383,pg_catalog,pg_class,12596,2829392,850660,777659,1915,597,1877,585,337,72,7834,891297,7577,1780836,,,,
1416639550.27383,information_schema,sql_implementation_info,0,0,,,0,0,0,0,0,0,0,0,,,0,0,0,0
1416639550.27383,pg_catalog,pg_opfamily,0,0,0,0,0,0,0,0,0,0,0,0,0,0,,,,
1416639550.27383,pg_catalog,pg_auth_members,0,0,0,0,0,0,0,0,0,0,0,0,0,0,,,,
1416639550.27383,pg_catalog,pg_operator,0,0,268515,1406369,0,0,0,0,0,0,6794,973489,6009,582189,,,,
1416639550.27383,information_schema,sql_languages,0,0,,,0,0,0,0,0,0,0,0,,,0,0,0,0
1416639550.27383,public,partsupp,10,40000000,28151,112514,8000000,0,0,0,8000000,0,666099,1344357,40352,66502,,,,
1416639550.27383,pg_toast,pg_toast_12693,0,0,0,0,0,0,0,0,0,0,0,0,0,0,,,,
1416639550.27383,pg_catalog,pg_attribute,2596,17700,696223,1570773,6960,190,6782,161,2514,328,23771,778333,6449,1457816,,,,
1416639550.27383,public,supplier,6,400000,3289820,3889814,100000,0,0,0,100000,0,6671,3318541,842,6596986,,,,
1416639550.27383,pg_toast,pg_toast_12698,0,0,0,0,0,0,0,0,0,0,0,0,0,0,,,,
1416639550.27383,pg_catalog,pg_tablespace,2,4,24630,24630,0,0,0,0,0,0,656,23976,1367,48005,,,,
1416639550.27383,pg_catalog,pg_statistic,0,0,191564,184345,1549,4415,1486,3731,464,55,18391,178652,2084,410744,45748,183356,2755,279149
1416639550.27383,pg_toast,pg_toast_12703,0,0,0,0,0,0,0,0,0,0,0,0,0,0,,,,
1416639550.27383,information_schema,sql_packages,0,0,,,0,0,0,0,0,0,0,0,,,0,0,0,0
1416639550.27383,information_schema,sql_sizing_profiles,0,0,,,0,0,0,0,0,0,0,0,,,0,0,0,0
1416639550.27383,pg_catalog,pg_aggregate,0,0,18576,18576,0,0,0,0,0,0,1313,17263,3036,29339,,,,
1416639550.27383,pg_catalog,pg_inherits,0,0,1075,0,0,0,0,0,0,0,0,0,539,536,,,,
1416639550.27383,pg_catalog,pg_enum,0,0,0,0,0,0,0,0,0,0,0,0,0,0,,,,
1416639550.27383,pg_toast,pg_toast_2396,0,0,0,0,0,0,0,0,0,0,0,0,0,0,,,,
1416639550.27383,pg_catalog,pg_pltemplate,0,0,0,0,0,0,0,0,0,0,0,0,0,0,,,,
1416639550.27383,pg_toast,pg_toast_2618,0,0,3397,10848,0,0,0,0,0,0,2109,2057,613,4867,,,,
1416639550.27383,public,time_statistics,10,64,,,12,10,0,10,12,10,3,29,,,,,,
1416639550.27383,pg_toast,pg_toast_3596,0,0,0,0,0,0,0,0,0,0,0,0,0,0,,,,
1416639550.27383,information_schema,sql_features,0,0,,,0,0,0,0,0,0,0,0,,,0,0,0,0
1416639550.27383,pg_toast,pg_toast_2606,0,0,0,0,0,0,0,0,0,0,0,0,0,0,,,,
1416639550.27383,pg_toast,pg_toast_12723,0,0,0,0,0,0,0,0,0,0,0,0,0,0,,,,
1416639550.27383,pg_toast,pg_toast_2964,0,0,0,0,0,0,0,0,0,0,0,0,0,0,,,,
1416639550.27383,pg_catalog,pg_database,3639,14112,121159,121157,1,0,0,0,1,0,265,124532,1753,193858,,,,
1416639550.27383,information_schema,sql_sizing,0,0,,,0,0,0,0,0,0,0,0,,,0,0,0,0
1416639550.27383,pg_toast,pg_toast_2620,0,0,0,0,0,0,0,0,0,0,0,0,0,0,,,,
1416639550.27383,pg_catalog,pg_depend,0,0,44802,48151,8267,0,8178,0,7106,673,8530,55590,12287,115472,,,,
1416639550.27383,pg_catalog,pg_language,0,0,0,0,0,0,0,0,0,0,0,0,0,0,,,,
1416639550.27383,pg_catalog,pg_amproc,472,944,158238,329424,0,0,0,0,0,0,1715,155483,1375,350898,,,,
1416639550.27383,public,orders,11,75015000,3634538,3634538,15015000,0,0,0,15015000,0,1240740,5218218,123576,10951594,,,,
1416639550.27383,pg_catalog,pg_collation,0,0,0,0,0,0,0,0,0,0,0,0,0,0,,,,
1416639550.27383,pg_toast,pg_toast_12708,0,0,0,0,0,0,0,0,0,0,0,0,0,0,,,,
1416639550.27383,public,lineitem,19,659965806,535871,136070828,60045669,0,0,0,60045385,0,13402576,22297500,499836,3078674,,,,
1416639550.27383,pg_catalog,pg_range,0,0,8374,0,0,0,0,0,0,0,0,0,3087,13661,,,,
1416639550.27383,pg_toast,pg_toast_2609,0,0,0,0,0,0,0,0,0,0,0,0,0,0,,,,
1416639550.27383,pg_catalog,pg_opclass,472,472,215972,2364615,0,0,0,0,0,0,1396,941308,3150,263219,,,,
1416639550.27383,public,part,10,16000000,52,2036994,2000000,0,0,0,2000000,0,190185,450101,48507,163,,,,
1416639550.27383,pg_catalog,pg_rewrite,0,0,8293,6502,597,0,597,0,110,9,4382,7183,1982,12150,2109,2057,1226,9734
1416639550.27383,pg_toast,pg_toast_1255,0,0,0,0,0,0,0,0,0,0,0,0,0,0,,,,
1416639550.27383,pg_catalog,pg_seclabel,0,0,4750,0,0,0,0,0,0,0,0,0,490,4260,0,0,0,0
1416639550.27383,pg_catalog,pg_ts_parser,0,0,0,0,0,0,0,0,0,0,0,0,0,0,,,,
1416639550.27383,pg_catalog,pg_trigger,0,0,0,0,0,0,0,0,0,0,0,0,0,0,0,0,0,0
1416639550.27383,pg_catalog,pg_shseclabel,0,0,0,0,0,0,0,0,0,0,0,0,0,0,,,,
1416639550.27383,pg_catalog,pg_event_trigger,0,0,1807,0,0,0,0,0,0,0,0,0,537,1270,,,,
1416639550.27383,pg_catalog,pg_foreign_table,0,0,0,0,0,0,0,0,0,0,0,0,0,0,,,,
1416639550.27383,pg_catalog,pg_extension,0,0,0,0,0,0,0,0,0,0,0,0,0,0,,,,
1416639550.27383,pg_catalog,pg_ts_config,0,0,0,0,0,0,0,0,0,0,0,0,0,0,,,,
1416639550.27383,pg_catalog,pg_shdescription,0,0,0,0,0,0,0,0,0,0,0,0,0,0,0,0,0,0
1416639550.27383,pg_catalog,pg_cast,0,0,1165795,276020,0,0,0,0,0,0,1409,274611,869,1198205,,,,
1416639550.27383,pg_catalog,pg_amop,0,0,304249,537771,0,0,0,0,0,0,2381,514743,5497,643815,,,,
1416639550.27383,pg_catalog,pg_user_mapping,0,0,0,0,0,0,0,0,0,0,0,0,0,0,,,,
1416639550.27383,pg_catalog,pg_type,0,0,824588,816485,2151,0,2132,0,360,61,5169,820633,7974,1694578,,,,
1416639550.27383,information_schema,sql_parts,0,0,,,0,0,0,0,0,0,0,0,,,0,0,0,0
1416639550.27383,pg_catalog,pg_largeobject,0,0,0,0,0,0,0,0,0,0,0,0,0,0,,,,
1416639550.27383,pg_catalog,pg_ts_config_map,0,0,0,0,0,0,0,0,0,0,0,0,0,0,,,,
1416639550.27383,pg_catalog,pg_largeobject_metadata,0,0,0,0,0,0,0,0,0,0,0,0,0,0,,,,
1416639550.27383,pg_catalog,pg_am,41490,41490,0,0,0,0,0,0,0,0,449,41041,0,0,,,,
1416639550.27383,pg_toast,pg_toast_12718,0,0,0,0,0,0,0,0,0,0,0,0,0,0,,,,
1416639550.27383,pg_catalog,pg_ts_template,0,0,0,0,0,0,0,0,0,0,0,0,0,0,,,,
1416639550.27383,pg_catalog,pg_foreign_server,0,0,0,0,0,0,0,0,0,0,0,0,0,0,,,,
1416639550.27383,pg_catalog,pg_namespace,1458,49150,184584,150222,42,0,0,0,42,0,458,151328,2194,219303,,,,
1416639550.27383,pg_toast,pg_toast_2619,0,0,138490,468296,5656,0,5404,0,262,12,45748,183356,2755,279149,,,,
1416639550.27383,public,nation,18,175,25464,25464,25,0,0,0,25,0,8,25473,8,25470,,,,
1416639550.27383,pg_catalog,pg_authid,805,805,69041,69041,0,0,0,0,0,0,387,69459,1829,136253,,,,
1416639550.27383,pg_catalog,pg_default_acl,0,0,4340,0,0,0,0,0,0,0,0,0,491,3849,,,,
1416639550.27383,pg_catalog,pg_shdepend,0,0,5879,1128,0,0,0,0,0,0,536,592,2102,5939,,,,
1416639550.27383,pg_catalog,pg_constraint,0,0,296,144,152,0,144,0,10,32,84,839,152,1512,0,0,0,0
1416639550.27383,pg_catalog,pg_index,4938,462597,377385,540962,830,0,802,0,143,0,4138,529872,2608,432387,,,,
1416639550.27383,public,customer,11,10500000,41,7500036,1500000,0,0,0,1500000,0,103813,541851,17770,137,,,,
1416639550.27383,pg_catalog,pg_ts_dict,0,0,0,0,0,0,0,0,0,0,0,0,0,0,,,,
1416639550.27383,pg_toast,pg_toast_2604,0,0,0,0,0,0,0,0,0,0,0,0,0,0,,,,
1416639550.27383,public,region,6360,31775,14,14,5,0,0,0,5,0,7,6372,6,14,,,,
1416639550.27383,pg_catalog,pg_proc,0,0,303441,450337,0,0,0,0,0,0,29539,297660,12237,660299,0,0,0,0
1416639610.2768,pg_catalog,pg_attrdef,0,0,0,0,0,0,0,0,0,0,0,0,0,0,0,0,0,0
1416639610.2768,pg_catalog,pg_db_role_setting,0,0,149100,0,0,0,0,0,0,0,0,0,376,148724,0,0,0,0
1416639610.2768,pg_toast,pg_toast_12713,0,0,0,0,0,0,0,0,0,0,0,0,0,0,,,,
1416639610.2768,pg_catalog,pg_rowsecurity,0,0,0,0,0,0,0,0,0,0,0,0,0,0,,,,
1416639610.2768,pg_catalog,pg_description,0,0,4750,0,0,0,0,0,0,0,0,0,1519,9056,0,0,0,0
1416639610.2768,pg_catalog,pg_foreign_data_wrapper,0,0,0,0,0,0,0,0,0,0,0,0,0,0,,,,
1416639610.2768,pg_catalog,pg_conversion,0,0,0,0,0,0,0,0,0,0,0,0,0,0,,,,
1416639610.2768,pg_catalog,pg_class,12606,2832442,851098,778087,1915,597,1877,585,337,72,7834,891826,7577,1781742,,,,
1416639610.2768,information_schema,sql_implementation_info,0,0,,,0,0,0,0,0,0,0,0,,,0,0,0,0
1416639610.2768,pg_catalog,pg_opfamily,0,0,0,0,0,0,0,0,0,0,0,0,0,0,,,,
1416639610.2768,pg_catalog,pg_auth_members,0,0,0,0,0,0,0,0,0,0,0,0,0,0,,,,
1416639610.2768,pg_catalog,pg_operator,0,0,268561,1406537,0,0,0,0,0,0,6794,973607,6009,582297,,,,
1416639610.2768,information_schema,sql_languages,0,0,,,0,0,0,0,0,0,0,0,,,0,0,0,0
1416639610.2768,public,partsupp,10,40000000,28151,112514,8000000,0,0,0,8000000,0,666099,1344357,40352,66502,,,,
1416639610.2768,pg_toast,pg_toast_12693,0,0,0,0,0,0,0,0,0,0,0,0,0,0,,,,
1416639610.2768,pg_catalog,pg_attribute,2596,17700,696500,1571281,6960,190,6782,161,2514,328,23771,778625,6449,1458387,,,,
1416639610.2768,public,supplier,6,400000,3289825,3989818,100000,0,0,0,100000,0,6671,3320724,845,6596996,,,,
1416639610.2768,pg_toast,pg_toast_12698,0,0,0,0,0,0,0,0,0,0,0,0,0,0,,,,
1416639610.2768,pg_catalog,pg_tablespace,2,4,24639,24639,0,0,0,0,0,0,656,23985,1367,48023,,,,
1416639610.2768,pg_catalog,pg_statistic,0,0,191611,184380,1549,4415,1486,3731,464,55,18391,178687,2084,410847,45755,183375,2755,279190
1416639610.2768,pg_toast,pg_toast_12703,0,0,0,0,0,0,0,0,0,0,0,0,0,0,,,,
1416639610.2768,information_schema,sql_packages,0,0,,,0,0,0,0,0,0,0,0,,,0,0,0,0
1416639610.2768,information_schema,sql_sizing_profiles,0,0,,,0,0,0,0,0,0,0,0,,,0,0,0,0
1416639610.2768,pg_catalog,pg_aggregate,0,0,18580,18580,0,0,0,0,0,0,1313,17267,3036,29346,,,,
1416639610.2768,pg_catalog,pg_inherits,0,0,1075,0,0,0,0,0,0,0,0,0,539,536,,,,
1416639610.2768,pg_catalog,pg_enum,0,0,0,0,0,0,0,0,0,0,0,0,0,0,,,,
1416639610.2768,pg_toast,pg_toast_2396,0,0,0,0,0,0,0,0,0,0,0,0,0,0,,,,
1416639610.2768,pg_catalog,pg_pltemplate,0,0,0,0,0,0,0,0,0,0,0,0,0,0,,,,
1416639610.2768,pg_toast,pg_toast_2618,0,0,3402,10864,0,0,0,0,0,0,2109,2063,613,4875,,,,
1416639610.2768,public,time_statistics,12,89,,,14,12,0,12,14,12,3,35,,,,,,
1416639610.2768,pg_toast,pg_toast_3596,0,0,0,0,0,0,0,0,0,0,0,0,0,0,,,,
1416639610.2768,information_schema,sql_features,0,0,,,0,0,0,0,0,0,0,0,,,0,0,0,0
1416639610.2768,pg_toast,pg_toast_2606,0,0,0,0,0,0,0,0,0,0,0,0,0,0,,,,
1416639610.2768,pg_toast,pg_toast_12723,0,0,0,0,0,0,0,0,0,0,0,0,0,0,,,,
1416639610.2768,pg_toast,pg_toast_2964,0,0,0,0,0,0,0,0,0,0,0,0,0,0,,,,
1416639610.2768,pg_catalog,pg_database,3642,14124,121205,121203,1,0,0,0,1,0,265,124581,1753,193930,,,,
1416639610.2768,information_schema,sql_sizing,0,0,,,0,0,0,0,0,0,0,0,,,0,0,0,0
1416639610.2768,pg_toast,pg_toast_2620,0,0,0,0,0,0,0,0,0,0,0,0,0,0,,,,
1416639610.2768,pg_catalog,pg_depend,0,0,44802,48151,8267,0,8178,0,7106,673,8530,55590,12287,115472,,,,
1416639610.2768,pg_catalog,pg_language,0,0,0,0,0,0,0,0,0,0,0,0,0,0,,,,
1416639610.2768,pg_catalog,pg_amproc,472,944,158283,329526,0,0,0,0,0,0,1715,155527,1375,351002,,,,
1416639610.2768,public,orders,12,90030000,5170399,5170399,15015000,0,0,0,15015000,0,1263585,6984756,123578,15567681,,,,
1416639610.2768,pg_catalog,pg_collation,0,0,0,0,0,0,0,0,0,0,0,0,0,0,,,,
1416639610.2768,pg_toast,pg_toast_12708,0,0,0,0,0,0,0,0,0,0,0,0,0,0,,,,
1416639610.2768,public,lineitem,20,720011475,1993545,138284865,60045669,0,0,0,60045385,0,13936977,24301854,662646,8752914,,,,
1416639610.2768,pg_catalog,pg_range,0,0,8376,0,0,0,0,0,0,0,0,0,3087,13665,,,,
1416639610.2768,pg_toast,pg_toast_2609,0,0,0,0,0,0,0,0,0,0,0,0,0,0,,,,
1416639610.2768,pg_catalog,pg_opclass,472,472,216025,2365159,0,0,0,0,0,0,1396,941525,3150,263291,,,,
1416639610.2768,public,part,10,16000000,52,2036994,2000000,0,0,0,2000000,0,190185,450101,48507,163,,,,
1416639610.2768,pg_catalog,pg_rewrite,0,0,8300,6509,597,0,597,0,110,9,4382,7190,1982,12162,2109,2063,1226,9750
1416639610.2768,pg_toast,pg_toast_1255,0,0,0,0,0,0,0,0,0,0,0,0,0,0,,,,
1416639610.2768,pg_catalog,pg_seclabel,0,0,4750,0,0,0,0,0,0,0,0,0,490,4260,0,0,0,0
1416639610.2768,pg_catalog,pg_ts_parser,0,0,0,0,0,0,0,0,0,0,0,0,0,0,,,,
1416639610.2768,pg_catalog,pg_trigger,0,0,0,0,0,0,0,0,0,0,0,0,0,0,0,0,0,0
1416639610.2768,pg_catalog,pg_shseclabel,0,0,0,0,0,0,0,0,0,0,0,0,0,0,,,,
1416639610.2768,pg_catalog,pg_event_trigger,0,0,1807,0,0,0,0,0,0,0,0,0,537,1270,,,,
1416639610.2768,pg_catalog,pg_foreign_table,0,0,0,0,0,0,0,0,0,0,0,0,0,0,,,,
1416639610.2768,pg_catalog,pg_extension,0,0,0,0,0,0,0,0,0,0,0,0,0,0,,,,
1416639610.2768,pg_catalog,pg_ts_config,0,0,0,0,0,0,0,0,0,0,0,0,0,0,,,,
1416639610.2768,pg_catalog,pg_shdescription,0,0,0,0,0,0,0,0,0,0,0,0,0,0,0,0,0,0
1416639610.2768,pg_catalog,pg_cast,0,0,1166018,276083,0,0,0,0,0,0,1409,274674,869,1198439,,,,
1416639610.2768,pg_catalog,pg_amop,0,0,304320,537895,0,0,0,0,0,0,2381,514864,5497,643971,,,,
1416639610.2768,pg_catalog,pg_user_mapping,0,0,0,0,0,0,0,0,0,0,0,0,0,0,,,,
1416639610.2768,pg_catalog,pg_type,0,0,824800,816695,2151,0,2132,0,360,61,5169,820843,7976,1695012,,,,
1416639610.2768,information_schema,sql_parts,0,0,,,0,0,0,0,0,0,0,0,,,0,0,0,0
1416639610.2768,pg_catalog,pg_largeobject,0,0,0,0,0,0,0,0,0,0,0,0,0,0,,,,
1416639610.2768,pg_catalog,pg_ts_config_map,0,0,0,0,0,0,0,0,0,0,0,0,0,0,,,,
1416639610.2768,pg_catalog,pg_largeobject_metadata,0,0,0,0,0,0,0,0,0,0,0,0,0,0,,,,
1416639610.2768,pg_catalog,pg_am,41506,41506,0,0,0,0,0,0,0,0,449,41057,0,0,,,,
1416639610.2768,pg_toast,pg_toast_12718,0,0,0,0,0,0,0,0,0,0,0,0,0,0,,,,
1416639610.2768,pg_catalog,pg_ts_template,0,0,0,0,0,0,0,0,0,0,0,0,0,0,,,,
1416639610.2768,pg_catalog,pg_foreign_server,0,0,0,0,0,0,0,0,0,0,0,0,0,0,,,,
1416639610.2768,pg_catalog,pg_namespace,1460,49246,184758,150385,42,0,0,0,42,0,458,151493,2194,219490,,,,
1416639610.2768,pg_toast,pg_toast_2619,0,0,138508,468354,5656,0,5404,0,262,12,45755,183375,2755,279190,,,,
1416639610.2768,public,nation,19,200,25466,25466,25,0,0,0,25,0,8,25476,8,25473,,,,
1416639610.2768,pg_catalog,pg_authid,806,806,69063,69063,0,0,0,0,0,0,387,69482,1829,136297,,,,
1416639610.2768,pg_catalog,pg_default_acl,0,0,4340,0,0,0,0,0,0,0,0,0,491,3849,,,,
1416639610.2768,pg_catalog,pg_shdepend,0,0,5879,1128,0,0,0,0,0,0,536,592,2102,5939,,,,
1416639610.2768,pg_catalog,pg_constraint,0,0,296,144,152,0,144,0,10,32,84,839,152,1512,0,0,0,0
1416639610.2768,pg_catalog,pg_index,4943,463312,377472,541079,830,0,802,0,143,0,4138,530006,2608,432495,,,,
1416639610.2768,public,customer,12,12000000,43,7500038,1500000,0,0,0,1500000,0,103813,577131,17774,143,,,,
1416639610.2768,pg_catalog,pg_ts_dict,0,0,0,0,0,0,0,0,0,0,0,0,0,0,,,,
1416639610.2768,pg_toast,pg_toast_2604,0,0,0,0,0,0,0,0,0,0,0,0,0,0,,,,
1416639610.2768,public,region,6360,31775,14,14,5,0,0,0,5,0,7,6372,6,14,,,,
1416639610.2768,pg_catalog,pg_proc,0,0,303556,450489,0,0,0,0,0,0,29543,297786,12238,660550,0,0,0,0
1416639670.27984,pg_catalog,pg_attrdef,0,0,0,0,0,0,0,0,0,0,0,0,0,0,0,0,0,0
1416639670.27984,pg_catalog,pg_db_role_setting,0,0,149164,0,0,0,0,0,0,0,0,0,376,148788,0,0,0,0
1416639670.27984,pg_toast,pg_toast_12713,0,0,0,0,0,0,0,0,0,0,0,0,0,0,,,,
1416639670.27984,pg_catalog,pg_rowsecurity,0,0,0,0,0,0,0,0,0,0,0,0,0,0,,,,
1416639670.27984,pg_catalog,pg_description,0,0,4750,0,0,0,0,0,0,0,0,0,1519,9056,0,0,0,0
1416639670.27984,pg_catalog,pg_foreign_data_wrapper,0,0,0,0,0,0,0,0,0,0,0,0,0,0,,,,
1416639670.27984,pg_catalog,pg_conversion,0,0,0,0,0,0,0,0,0,0,0,0,0,0,,,,
1416639670.27984,pg_catalog,pg_class,12616,2835492,851570,778545,1915,597,1877,585,337,72,7835,892384,7577,1782719,,,,
1416639670.27984,information_schema,sql_implementation_info,0,0,,,0,0,0,0,0,0,0,0,,,0,0,0,0
1416639670.27984,pg_catalog,pg_opfamily,0,0,0,0,0,0,0,0,0,0,0,0,0,0,,,,
1416639670.27984,pg_catalog,pg_auth_members,0,0,0,0,0,0,0,0,0,0,0,0,0,0,,,,
1416639670.27984,pg_catalog,pg_operator,0,0,268631,1406886,0,0,0,0,0,0,6794,973847,6009,582458,,,,
1416639670.27984,information_schema,sql_languages,0,0,,,0,0,0,0,0,0,0,0,,,0,0,0,0
1416639670.27984,public,partsupp,11,48000000,28153,112516,8000000,0,0,0,8000000,0,837057,1344359,40358,66503,,,,
1416639670.27984,pg_toast,pg_toast_12693,0,0,0,0,0,0,0,0,0,0,0,0,0,0,,,,
1416639670.27984,pg_catalog,pg_attribute,2596,17700,696804,1571846,6960,190,6782,161,2514,328,23771,778944,6449,1459012,,,,
1416639670.27984,public,supplier,6,400000,3289826,3989874,100000,0,0,0,100000,0,6671,3320779,848,6596996,,,,
1416639670.27984,pg_toast,pg_toast_12698,0,0,0,0,0,0,0,0,0,0,0,0,0,0,,,,
1416639670.27984,pg_catalog,pg_tablespace,2,4,24650,24650,0,0,0,0,0,0,656,23996,1367,48045,,,,
1416639670.27984,pg_catalog,pg_statistic,0,0,191670,184424,1549,4415,1486,3731,464,55,18397,178725,2084,410976,45771,183397,2755,279248
1416639670.27984,pg_toast,pg_toast_12703,0,0,0,0,0,0,0,0,0,0,0,0,0,0,,,,
1416639670.27984,information_schema,sql_packages,0,0,,,0,0,0,0,0,0,0,0,,,0,0,0,0
1416639670.27984,information_schema,sql_sizing_profiles,0,0,,,0,0,0,0,0,0,0,0,,,0,0,0,0
1416639670.27984,pg_catalog,pg_aggregate,0,0,18586,18586,0,0,0,0,0,0,1313,17273,3036,29356,,,,
1416639670.27984,pg_catalog,pg_inherits,0,0,1075,0,0,0,0,0,0,0,0,0,539,536,,,,
1416639670.27984,pg_catalog,pg_enum,0,0,0,0,0,0,0,0,0,0,0,0,0,0,,,,
1416639670.27984,pg_toast,pg_toast_2396,0,0,0,0,0,0,0,0,0,0,0,0,0,0,,,,
1416639670.27984,pg_catalog,pg_pltemplate,0,0,0,0,0,0,0,0,0,0,0,0,0,0,,,,
1416639670.27984,pg_toast,pg_toast_2618,0,0,3407,10880,0,0,0,0,0,0,2113,2065,613,4883,,,,
1416639670.27984,public,time_statistics,15,134,,,17,15,0,15,17,15,3,44,,,,,,
1416639670.27984,pg_toast,pg_toast_3596,0,0,0,0,0,0,0,0,0,0,0,0,0,0,,,,
1416639670.27984,information_schema,sql_features,0,0,,,0,0,0,0,0,0,0,0,,,0,0,0,0
1416639670.27984,pg_toast,pg_toast_2606,0,0,0,0,0,0,0,0,0,0,0,0,0,0,,,,
1416639670.27984,pg_toast,pg_toast_12723,0,0,0,0,0,0,0,0,0,0,0,0,0,0,,,,
1416639670.27984,pg_toast,pg_toast_2964,0,0,0,0,0,0,0,0,0,0,0,0,0,0,,,,
1416639670.27984,pg_catalog,pg_database,3645,14136,121261,121259,1,0,0,0,1,0,265,124640,1753,194018,,,,
1416639670.27984,information_schema,sql_sizing,0,0,,,0,0,0,0,0,0,0,0,,,0,0,0,0
1416639670.27984,pg_toast,pg_toast_2620,0,0,0,0,0,0,0,0,0,0,0,0,0,0,,,,
1416639670.27984,pg_catalog,pg_depend,0,0,44802,48151,8267,0,8178,0,7106,673,8530,55590,12287,115472,,,,
1416639670.27984,pg_catalog,pg_language,0,0,0,0,0,0,0,0,0,0,0,0,0,0,,,,
1416639670.27984,pg_catalog,pg_amproc,472,944,158344,329654,0,0,0,0,0,0,1715,155587,1375,351138,,,,
1416639670.27984,public,orders,13,105045000,5170402,20185401,15015000,0,0,0,15015000,0,1264272,7491115,123589,15567690,,,,
1416639670.27984,pg_catalog,pg_collation,0,0,0,0,0,0,0,0,0,0,0,0,0,0,,,,
1416639670.27984,pg_toast,pg_toast_12708,0,0,0,0,0,0,0,0,0,0,0,0,0,0,,,,
1416639670.27984,public,lineitem,20,720011475,1993548,198330536,60045669,0,0,0,60045385,0,14841488,24463818,662683,8752936,,,,
1416639670.27984,pg_catalog,pg_range,0,0,8379,0,0,0,0,0,0,0,0,0,3087,13671,,,,
1416639670.27984,pg_toast,pg_toast_2609,0,0,0,0,0,0,0,0,0,0,0,0,0,0,,,,
1416639670.27984,pg_catalog,pg_opclass,472,472,216100,2366049,0,0,0,0,0,0,1396,941876,3150,263386,,,,
1416639670.27984,public,part,10,16000000,62,4036996,2000000,0,0,0,2000000,0,230707,450103,48518,172,,,,
1416639670.27984,pg_catalog,pg_rewrite,0,0,8307,6516,597,0,597,0,110,9,4385,7194,1982,12174,2113,2065,1226,9766
1416639670.27984,pg_toast,pg_toast_1255,0,0,0,0,0,0,0,0,0,0,0,0,0,0,,,,
1416639670.27984,pg_catalog,pg_seclabel,0,0,4750,0,0,0,0,0,0,0,0,0,490,4260,0,0,0,0
1416639670.27984,pg_catalog,pg_ts_parser,0,0,0,0,0,0,0,0,0,0,0,0,0,0,,,,
1416639670.27984,pg_catalog,pg_trigger,0,0,0,0,0,0,0,0,0,0,0,0,0,0,0,0,0,0
1416639670.27984,pg_catalog,pg_shseclabel,0,0,0,0,0,0,0,0,0,0,0,0,0,0,,,,
1416639670.27984,pg_catalog,pg_event_trigger,0,0,1807,0,0,0,0,0,0,0,0,0,537,1270,,,,
1416639670.27984,pg_catalog,pg_foreign_table,0,0,0,0,0,0,0,0,0,0,0,0,0,0,,,,
1416639670.27984,pg_catalog,pg_extension,0,0,0,0,0,0,0,0,0,0,0,0,0,0,,,,
1416639670.27984,pg_catalog,pg_ts_config,0,0,0,0,0,0,0,0,0,0,0,0,0,0,,,,
1416639670.27984,pg_catalog,pg_shdescription,0,0,0,0,0,0,0,0,0,0,0,0,0,0,0,0,0,0
1416639670.27984,pg_catalog,pg_cast,0,0,1166436,276175,0,0,0,0,0,0,1409,274766,869,1198871,,,,
1416639670.27984,pg_catalog,pg_amop,0,0,304426,538084,0,0,0,0,0,0,2381,515045,5498,644199,,,,
1416639670.27984,pg_catalog,pg_user_mapping,0,0,0,0,0,0,0,0,0,0,0,0,0,0,,,,
1416639670.27984,pg_catalog,pg_type,0,0,825121,817014,2151,0,2132,0,360,61,5169,821162,7976,1695670,,,,
1416639670.27984,information_schema,sql_parts,0,0,,,0,0,0,0,0,0,0,0,,,0,0,0,0
1416639670.27984,pg_catalog,pg_largeobject,0,0,0,0,0,0,0,0,0,0,0,0,0,0,,,,
1416639670.27984,pg_catalog,pg_ts_config_map,0,0,0,0,0,0,0,0,0,0,0,0,0,0,,,,
1416639670.27984,pg_catalog,pg_largeobject_metadata,0,0,0,0,0,0,0,0,0,0,0,0,0,0,,,,
1416639670.27984,pg_catalog,pg_am,41523,41523,0,0,0,0,0,0,0,0,449,41074,0,0,,,,
1416639670.27984,pg_toast,pg_toast_12718,0,0,0,0,0,0,0,0,0,0,0,0,0,0,,,,
1416639670.27984,pg_catalog,pg_ts_template,0,0,0,0,0,0,0,0,0,0,0,0,0,0,,,,
1416639670.27984,pg_catalog,pg_foreign_server,0,0,0,0,0,0,0,0,0,0,0,0,0,0,,,,
1416639670.27984,pg_catalog,pg_namespace,1462,49342,184940,150553,42,0,0,0,42,0,458,151663,2194,219688,,,,
1416639670.27984,pg_toast,pg_toast_2619,0,0,138534,468440,5656,0,5404,0,262,12,45771,183397,2755,279248,,,,
1416639670.27984,public,nation,19,200,25466,25466,25,0,0,0,25,0,8,25476,8,25473,,,,
1416639670.27984,pg_catalog,pg_authid,807,807,69091,69091,0,0,0,0,0,0,387,69511,1829,136353,,,,
1416639670.27984,pg_catalog,pg_default_acl,0,0,4340,0,0,0,0,0,0,0,0,0,491,3849,,,,
1416639670.27984,pg_catalog,pg_shdepend,0,0,5879,1128,0,0,0,0,0,0,536,592,2102,5939,,,,
1416639670.27984,pg_catalog,pg_constraint,0,0,296,144,152,0,144,0,10,32,84,839,152,1512,0,0,0,0
1416639670.27984,pg_catalog,pg_index,4948,464027,377575,541221,830,0,802,0,143,0,4138,530165,2608,432620,,,,
1416639670.27984,public,customer,12,12000000,64,8373004,1500000,0,0,0,1500000,0,103813,682867,20517,185,,,,
1416639670.27984,pg_catalog,pg_ts_dict,0,0,0,0,0,0,0,0,0,0,0,0,0,0,,,,
1416639670.27984,pg_toast,pg_toast_2604,0,0,0,0,0,0,0,0,0,0,0,0,0,0,,,,
1416639670.27984,public,region,6360,31775,14,14,5,0,0,0,5,0,7,6372,6,14,,,,
1416639670.27984,pg_catalog,pg_proc,0,0,303697,450690,0,0,0,0,0,0,29550,297938,12241,660857,0,0,0,0
1416639730.28231,pg_catalog,pg_attrdef,0,0,0,0,0,0,0,0,0,0,0,0,0,0,0,0,0,0
1416639730.28231,pg_catalog,pg_db_role_setting,0,0,149228,0,0,0,0,0,0,0,0,0,376,148852,0,0,0,0
1416639730.28231,pg_toast,pg_toast_12713,0,0,0,0,0,0,0,0,0,0,0,0,0,0,,,,
1416639730.28231,pg_catalog,pg_rowsecurity,0,0,0,0,0,0,0,0,0,0,0,0,0,0,,,,
1416639730.28231,pg_catalog,pg_description,0,0,4754,0,0,0,0,0,0,0,0,0,1522,9062,0,0,0,0
1416639730.28231,pg_catalog,pg_foreign_data_wrapper,0,0,0,0,0,0,0,0,0,0,0,0,0,0,,,,
1416639730.28231,pg_catalog,pg_conversion,0,0,0,0,0,0,0,0,0,0,0,0,0,0,,,,
1416639730.28231,pg_catalog,pg_class,12626,2838542,852052,779011,1916,598,1878,586,337,74,7839,892954,7581,1783719,,,,
1416639730.28231,information_schema,sql_implementation_info,0,0,,,0,0,0,0,0,0,0,0,,,0,0,0,0
1416639730.28231,pg_catalog,pg_opfamily,0,0,0,0,0,0,0,0,0,0,0,0,0,0,,,,
1416639730.28231,pg_catalog,pg_auth_members,0,0,0,0,0,0,0,0,0,0,0,0,0,0,,,,
1416639730.28231,pg_catalog,pg_operator,0,0,268701,1407203,0,0,0,0,0,0,6794,974069,6010,582617,,,,
1416639730.28231,information_schema,sql_languages,0,0,,,0,0,0,0,0,0,0,0,,,0,0,0,0
1416639730.28231,public,partsupp,13,64000000,28153,112516,8000000,0,0,0,8000000,0,1008013,1515319,40359,66503,,,,
1416639730.28231,pg_toast,pg_toast_12693,0,0,0,0,0,0,0,0,0,0,0,0,0,0,,,,
1416639730.28231,pg_catalog,pg_attribute,2596,17700,697121,1572454,6962,190,6784,161,2514,330,23776,779279,6452,1459670,,,,
1416639730.28231,public,supplier,6,400000,3289837,4222875,100000,0,0,0,100000,0,8783,3323847,946,6597016,,,,
1416639730.28231,pg_toast,pg_toast_12698,0,0,0,0,0,0,0,0,0,0,0,0,0,0,,,,
1416639730.28231,pg_catalog,pg_tablespace,2,4,24661,24661,0,0,0,0,0,0,656,24007,1367,48067,,,,
1416639730.28231,pg_catalog,pg_statistic,0,0,191727,184465,1549,4415,1486,3731,464,55,18405,178758,2084,411101,45791,183419,2755,279308
1416639730.28231,pg_toast,pg_toast_12703,0,0,0,0,0,0,0,0,0,0,0,0,0,0,,,,
1416639730.28231,information_schema,sql_packages,0,0,,,0,0,0,0,0,0,0,0,,,0,0,0,0
1416639730.28231,information_schema,sql_sizing_profiles,0,0,,,0,0,0,0,0,0,0,0,,,0,0,0,0
1416639730.28231,pg_catalog,pg_aggregate,0,0,18591,18591,0,0,0,0,0,0,1313,17278,3036,29365,,,,
1416639730.28231,pg_catalog,pg_inherits,0,0,1076,0,0,0,0,0,0,0,0,0,540,536,,,,
1416639730.28231,pg_catalog,pg_enum,0,0,0,0,0,0,0,0,0,0,0,0,0,0,,,,
1416639730.28231,pg_toast,pg_toast_2396,0,0,0,0,0,0,0,0,0,0,0,0,0,0,,,,
1416639730.28231,pg_catalog,pg_pltemplate,0,0,0,0,0,0,0,0,0,0,0,0,0,0,,,,
1416639730.28231,pg_toast,pg_toast_2618,0,0,3412,10896,0,0,0,0,0,0,2118,2066,613,4891,,,,
1416639730.28231,public,time_statistics,18,188,,,20,18,0,18,20,18,3,53,,,,,,
1416639730.28231,pg_toast,pg_toast_3596,0,0,0,0,0,0,0,0,0,0,0,0,0,0,,,,
1416639730.28231,information_schema,sql_features,0,0,,,0,0,0,0,0,0,0,0,,,0,0,0,0
1416639730.28231,pg_toast,pg_toast_2606,0,0,0,0,0,0,0,0,0,0,0,0,0,0,,,,
1416639730.28231,pg_toast,pg_toast_12723,0,0,0,0,0,0,0,0,0,0,0,0,0,0,,,,
1416639730.28231,pg_toast,pg_toast_2964,0,0,0,0,0,0,0,0,0,0,0,0,0,0,,,,
1416639730.28231,pg_catalog,pg_database,3648,14148,121317,121315,1,0,0,0,1,0,265,124699,1753,194106,,,,
1416639730.28231,information_schema,sql_sizing,0,0,,,0,0,0,0,0,0,0,0,,,0,0,0,0
1416639730.28231,pg_toast,pg_toast_2620,0,0,0,0,0,0,0,0,0,0,0,0,0,0,,,,
1416639730.28231,pg_catalog,pg_depend,0,0,44846,48203,8276,0,8187,0,7106,682,8548,55634,12307,115578,,,,
1416639730.28231,pg_catalog,pg_language,0,0,0,0,0,0,0,0,0,0,0,0,0,0,,,,
1416639730.28231,pg_catalog,pg_amproc,472,944,158390,329772,0,0,0,0,0,0,1715,155632,1375,351244,,,,
1416639730.28231,public,orders,13,105045000,5170405,35200403,15015000,0,0,0,15015000,0,1265225,7743686,123597,15567701,,,,
1416639730.28231,pg_catalog,pg_collation,0,0,0,0,0,0,0,0,0,0,0,0,0,0,,,,
1416639730.28231,pg_toast,pg_toast_12708,0,0,0,0,0,0,0,0,0,0,0,0,0,0,,,,
1416639730.28231,public,lineitem,22,840102813,2567357,199162766,60045669,0,0,0,60045385,0,16580216,25436778,821911,10891334,,,,
1416639730.28231,pg_catalog,pg_range,0,0,8382,0,0,0,0,0,0,0,0,0,3087,13677,,,,
1416639730.28231,pg_toast,pg_toast_2609,0,0,0,0,0,0,0,0,0,0,0,0,0,0,,,,
1416639730.28231,pg_catalog,pg_opclass,472,472,216155,2366595,0,0,0,0,0,0,1396,942095,3150,263461,,,,
1416639730.28231,public,part,10,16000000,62,4036996,2000000,0,0,0,2000000,0,230707,450103,48518,172,,,,
1416639730.28231,pg_catalog,pg_rewrite,0,0,8320,6526,598,0,598,0,110,10,4396,7202,1984,12194,2118,2066,1226,9782
1416639730.28231,pg_toast,pg_toast_1255,0,0,0,0,0,0,0,0,0,0,0,0,0,0,,,,
1416639730.28231,pg_catalog,pg_seclabel,0,0,4754,0,0,0,0,0,0,0,0,0,491,4263,0,0,0,0
1416639730.28231,pg_catalog,pg_ts_parser,0,0,0,0,0,0,0,0,0,0,0,0,0,0,,,,
1416639730.28231,pg_catalog,pg_trigger,0,0,0,0,0,0,0,0,0,0,0,0,0,0,0,0,0,0
1416639730.28231,pg_catalog,pg_shseclabel,0,0,0,0,0,0,0,0,0,0,0,0,0,0,,,,
1416639730.28231,pg_catalog,pg_event_trigger,0,0,1808,0,0,0,0,0,0,0,0,0,538,1270,,,,
1416639730.28231,pg_catalog,pg_foreign_table,0,0,0,0,0,0,0,0,0,0,0,0,0,0,,,,
1416639730.28231,pg_catalog,pg_extension,0,0,0,0,0,0,0,0,0,0,0,0,0,0,,,,
1416639730.28231,pg_catalog,pg_ts_config,0,0,0,0,0,0,0,0,0,0,0,0,0,0,,,,
1416639730.28231,pg_catalog,pg_shdescription,0,0,0,0,0,0,0,0,0,0,0,0,0,0,0,0,0,0
1416639730.28231,pg_catalog,pg_cast,0,0,1166742,276261,0,0,0,0,0,0,1409,274852,869,1199191,,,,
1416639730.28231,pg_catalog,pg_amop,0,0,304500,538213,0,0,0,0,0,0,2381,515171,5498,644364,,,,
1416639730.28231,pg_catalog,pg_user_mapping,0,0,0,0,0,0,0,0,0,0,0,0,0,0,,,,
1416639730.28231,pg_catalog,pg_type,0,0,825422,817310,2153,0,2134,0,360,63,5174,821462,7980,1696292,,,,
1416639730.28231,information_schema,sql_parts,0,0,,,0,0,0,0,0,0,0,0,,,0,0,0,0
1416639730.28231,pg_catalog,pg_largeobject,0,0,0,0,0,0,0,0,0,0,0,0,0,0,,,,
1416639730.28231,pg_catalog,pg_ts_config_map,0,0,0,0,0,0,0,0,0,0,0,0,0,0,,,,
1416639730.28231,pg_catalog,pg_largeobject_metadata,0,0,0,0,0,0,0,0,0,0,0,0,0,0,,,,
1416639730.28231,pg_catalog,pg_am,41540,41540,0,0,0,0,0,0,0,0,449,41091,0,0,,,,
1416639730.28231,pg_toast,pg_toast_12718,0,0,0,0,0,0,0,0,0,0,0,0,0,0,,,,
1416639730.28231,pg_catalog,pg_ts_template,0,0,0,0,0,0,0,0,0,0,0,0,0,0,,,,
1416639730.28231,pg_catalog,pg_foreign_server,0,0,0,0,0,0,0,0,0,0,0,0,0,0,,,,
1416639730.28231,pg_catalog,pg_namespace,1464,49438,185125,150724,42,0,0,0,42,0,458,151836,2195,219889,,,,
1416639730.28231,pg_toast,pg_toast_2619,0,0,138561,468533,5656,0,5404,0,262,12,45791,183419,2755,279308,,,,
1416639730.28231,public,nation,21,250,25470,25470,25,0,0,0,25,0,9,25481,10,25476,,,,
1416639730.28231,pg_catalog,pg_authid,808,808,69119,69119,0,0,0,0,0,0,387,69540,1829,136409,,,,
1416639730.28231,pg_catalog,pg_default_acl,0,0,4344,0,0,0,0,0,0,0,0,0,492,3852,,,,
1416639730.28231,pg_catalog,pg_shdepend,0,0,5884,1129,0,0,0,0,0,0,537,592,2106,5942,,,,
1416639730.28231,pg_catalog,pg_constraint,0,0,296,144,152,0,144,0,10,32,84,839,152,1512,0,0,0,0
1416639730.28231,pg_catalog,pg_index,4953,464742,377685,541371,830,0,802,0,143,0,4138,530327,2608,432752,,,,
1416639730.28231,public,customer,12,12000000,64,8373004,1500000,0,0,0,1500000,0,103813,682867,20517,185,,,,
1416639730.28231,pg_catalog,pg_ts_dict,0,0,0,0,0,0,0,0,0,0,0,0,0,0,,,,
1416639730.28231,pg_toast,pg_toast_2604,0,0,0,0,0,0,0,0,0,0,0,0,0,0,,,,
1416639730.28231,public,region,6360,31775,14,14,5,0,0,0,5,0,7,6372,6,14,,,,
1416639730.28231,pg_catalog,pg_proc,0,0,303834,450897,0,0,0,0,0,0,29558,298092,12242,661158,0,0,0,0
1416639790.28257,pg_catalog,pg_attrdef,0,0,0,0,0,0,0,0,0,0,0,0,0,0,0,0,0,0
1416639790.28257,pg_catalog,pg_db_role_setting,0,0,149256,0,0,0,0,0,0,0,0,0,376,148880,0,0,0,0
1416639790.28257,pg_toast,pg_toast_12713,0,0,0,0,0,0,0,0,0,0,0,0,0,0,,,,
1416639790.28257,pg_catalog,pg_rowsecurity,0,0,0,0,0,0,0,0,0,0,0,0,0,0,,,,
1416639790.28257,pg_catalog,pg_description,0,0,4754,0,0,0,0,0,0,0,0,0,1522,9062,0,0,0,0
1416639790.28257,pg_catalog,pg_foreign_data_wrapper,0,0,0,0,0,0,0,0,0,0,0,0,0,0,,,,
1416639790.28257,pg_catalog,pg_conversion,0,0,0,0,0,0,0,0,0,0,0,0,0,0,,,,
1416639790.28257,pg_catalog,pg_class,12636,2841592,852416,779375,1916,598,1878,586,337,74,7839,893419,7581,1784467,,,,
1416639790.28257,information_schema,sql_implementation_info,0,0,,,0,0,0,0,0,0,0,0,,,0,0,0,0
1416639790.28257,pg_catalog,pg_opfamily,0,0,0,0,0,0,0,0,0,0,0,0,0,0,,,,
1416639790.28257,pg_catalog,pg_auth_members,0,0,0,0,0,0,0,0,0,0,0,0,0,0,,,,
1416639790.28257,pg_catalog,pg_operator,0,0,268719,1407221,0,0,0,0,0,0,6794,974087,6010,582662,,,,
1416639790.28257,information_schema,sql_languages,0,0,,,0,0,0,0,0,0,0,0,,,0,0,0,0
1416639790.28257,public,partsupp,13,64000000,28153,112516,8000000,0,0,0,8000000,0,1008013,1515319,40359,66503,,,,
1416639790.28257,pg_toast,pg_toast_12693,0,0,0,0,0,0,0,0,0,0,0,0,0,0,,,,
1416639790.28257,pg_catalog,pg_attribute,2596,17700,697351,1572845,6962,190,6784,161,2514,330,23776,779519,6452,1460143,,,,
1416639790.28257,public,supplier,6,400000,3289837,4222875,100000,0,0,0,100000,0,8783,3323847,946,6597016,,,,
1416639790.28257,pg_toast,pg_toast_12698,0,0,0,0,0,0,0,0,0,0,0,0,0,0,,,,
1416639790.28257,pg_catalog,pg_tablespace,2,4,24666,24666,0,0,0,0,0,0,656,24012,1367,48077,,,,
1416639790.28257,pg_catalog,pg_statistic,0,0,191756,184486,1549,4415,1486,3731,464,55,18405,178779,2084,411165,45791,183422,2755,279317
1416639790.28257,pg_toast,pg_toast_12703,0,0,0,0,0,0,0,0,0,0,0,0,0,0,,,,
1416639790.28257,information_schema,sql_packages,0,0,,,0,0,0,0,0,0,0,0,,,0,0,0,0
1416639790.28257,information_schema,sql_sizing_profiles,0,0,,,0,0,0,0,0,0,0,0,,,0,0,0,0
1416639790.28257,pg_catalog,pg_aggregate,0,0,18592,18592,0,0,0,0,0,0,1313,17279,3036,29367,,,,
1416639790.28257,pg_catalog,pg_inherits,0,0,1076,0,0,0,0,0,0,0,0,0,540,536,,,,
1416639790.28257,pg_catalog,pg_enum,0,0,0,0,0,0,0,0,0,0,0,0,0,0,,,,
1416639790.28257,pg_toast,pg_toast_2396,0,0,0,0,0,0,0,0,0,0,0,0,0,0,,,,
1416639790.28257,pg_catalog,pg_pltemplate,0,0,0,0,0,0,0,0,0,0,0,0,0,0,,,,
1416639790.28257,pg_toast,pg_toast_2618,0,0,3418,10914,0,0,0,0,0,0,2118,2073,613,4901,,,,
1416639790.28257,public,time_statistics,18,188,,,20,18,0,18,20,18,3,53,,,,,,
1416639790.28257,pg_toast,pg_toast_3596,0,0,0,0,0,0,0,0,0,0,0,0,0,0,,,,
1416639790.28257,information_schema,sql_features,0,0,,,0,0,0,0,0,0,0,0,,,0,0,0,0
1416639790.28257,pg_toast,pg_toast_2606,0,0,0,0,0,0,0,0,0,0,0,0,0,0,,,,
1416639790.28257,pg_toast,pg_toast_12723,0,0,0,0,0,0,0,0,0,0,0,0,0,0,,,,
1416639790.28257,pg_toast,pg_toast_2964,0,0,0,0,0,0,0,0,0,0,0,0,0,0,,,,
1416639790.28257,pg_catalog,pg_database,3651,14160,121346,121344,1,0,0,0,1,0,265,124731,1753,194149,,,,
1416639790.28257,information_schema,sql_sizing,0,0,,,0,0,0,0,0,0,0,0,,,0,0,0,0
1416639790.28257,pg_toast,pg_toast_2620,0,0,0,0,0,0,0,0,0,0,0,0,0,0,,,,
1416639790.28257,pg_catalog,pg_depend,0,0,44846,48203,8276,0,8187,0,7106,682,8548,55634,12307,115578,,,,
1416639790.28257,pg_catalog,pg_language,0,0,0,0,0,0,0,0,0,0,0,0,0,0,,,,
1416639790.28257,pg_catalog,pg_amproc,472,944,158412,329808,0,0,0,0,0,0,1715,155654,1375,351297,,,,
1416639790.28257,public,orders,13,105045000,5170405,35200403,15015000,0,0,0,15015000,0,1265225,7743686,123597,15567701,,,,
1416639790.28257,pg_catalog,pg_collation,0,0,0,0,0,0,0,0,0,0,0,0,0,0,,,,
1416639790.28257,pg_toast,pg_toast_12708,0,0,0,0,0,0,0,0,0,0,0,0,0,0,,,,
1416639790.28257,public,lineitem,22,840102813,2567357,199162766,60045669,0,0,0,60045385,0,16580216,25436778,821911,10891334,,,,
1416639790.28257,pg_catalog,pg_range,0,0,8382,0,0,0,0,0,0,0,0,0,3087,13677,,,,
1416639790.28257,pg_toast,pg_toast_2609,0,0,0,0,0,0,0,0,0,0,0,0,0,0,,,,
1416639790.28257,pg_catalog,pg_opclass,472,472,216177,2366784,0,0,0,0,0,0,1396,942169,3150,263495,,,,
1416639790.28257,public,part,10,16000000,62,4036996,2000000,0,0,0,2000000,0,230707,450103,48518,172,,,,
1416639790.28257,pg_catalog,pg_rewrite,0,0,8328,6534,598,0,598,0,110,10,4396,7210,1984,12208,2118,2073,1226,9802
1416639790.28257,pg_toast,pg_toast_1255,0,0,0,0,0,0,0,0,0,0,0,0,0,0,,,,
1416639790.28257,pg_catalog,pg_seclabel,0,0,4754,0,0,0,0,0,0,0,0,0,491,4263,0,0,0,0
1416639790.28257,pg_catalog,pg_ts_parser,0,0,0,0,0,0,0,0,0,0,0,0,0,0,,,,
1416639790.28257,pg_catalog,pg_trigger,0,0,0,0,0,0,0,0,0,0,0,0,0,0,0,0,0,0
1416639790.28257,pg_catalog,pg_shseclabel,0,0,0,0,0,0,0,0,0,0,0,0,0,0,,,,
1416639790.28257,pg_catalog,pg_event_trigger,0,0,1808,0,0,0,0,0,0,0,0,0,538,1270,,,,
1416639790.28257,pg_catalog,pg_foreign_table,0,0,0,0,0,0,0,0,0,0,0,0,0,0,,,,
1416639790.28257,pg_catalog,pg_extension,0,0,0,0,0,0,0,0,0,0,0,0,0,0,,,,
1416639790.28257,pg_catalog,pg_ts_config,0,0,0,0,0,0,0,0,0,0,0,0,0,0,,,,
1416639790.28257,pg_catalog,pg_shdescription,0,0,0,0,0,0,0,0,0,0,0,0,0,0,0,0,0,0
1416639790.28257,pg_catalog,pg_cast,0,0,1166818,276294,0,0,0,0,0,0,1409,274885,869,1199273,,,,
1416639790.28257,pg_catalog,pg_amop,0,0,304539,538275,0,0,0,0,0,0,2381,515233,5498,644452,,,,
1416639790.28257,pg_catalog,pg_user_mapping,0,0,0,0,0,0,0,0,0,0,0,0,0,0,,,,
1416639790.28257,pg_catalog,pg_type,0,0,825530,817418,2153,0,2134,0,360,63,5174,821570,7980,1696514,,,,
1416639790.28257,information_schema,sql_parts,0,0,,,0,0,0,0,0,0,0,0,,,0,0,0,0
1416639790.28257,pg_catalog,pg_largeobject,0,0,0,0,0,0,0,0,0,0,0,0,0,0,,,,
1416639790.28257,pg_catalog,pg_ts_config_map,0,0,0,0,0,0,0,0,0,0,0,0,0,0,,,,
1416639790.28257,pg_catalog,pg_largeobject_metadata,0,0,0,0,0,0,0,0,0,0,0,0,0,0,,,,
1416639790.28257,pg_catalog,pg_am,41549,41549,0,0,0,0,0,0,0,0,449,41100,0,0,,,,
1416639790.28257,pg_toast,pg_toast_12718,0,0,0,0,0,0,0,0,0,0,0,0,0,0,,,,
1416639790.28257,pg_catalog,pg_ts_template,0,0,0,0,0,0,0,0,0,0,0,0,0,0,,,,
1416639790.28257,pg_catalog,pg_foreign_server,0,0,0,0,0,0,0,0,0,0,0,0,0,0,,,,
1416639790.28257,pg_catalog,pg_namespace,1466,49534,185286,150879,42,0,0,0,42,0,458,151993,2195,220058,,,,
1416639790.28257,pg_toast,pg_toast_2619,0,0,138564,468539,5656,0,5404,0,262,12,45791,183422,2755,279317,,,,
1416639790.28257,public,nation,21,250,25470,25470,25,0,0,0,25,0,9,25481,10,25476,,,,
1416639790.28257,pg_catalog,pg_authid,809,809,69129,69129,0,0,0,0,0,0,387,69551,1829,136429,,,,
1416639790.28257,pg_catalog,pg_default_acl,0,0,4344,0,0,0,0,0,0,0,0,0,492,3852,,,,
1416639790.28257,pg_catalog,pg_shdepend,0,0,5884,1129,0,0,0,0,0,0,537,592,2106,5942,,,,
1416639790.28257,pg_catalog,pg_constraint,0,0,296,144,152,0,144,0,10,32,84,839,152,1512,0,0,0,0
1416639790.28257,pg_catalog,pg_index,4958,465457,377737,541438,830,0,802,0,143,0,4138,530409,2608,432819,,,,
1416639790.28257,public,customer,12,12000000,64,8373004,1500000,0,0,0,1500000,0,103813,682867,20517,185,,,,
1416639790.28257,pg_catalog,pg_ts_dict,0,0,0,0,0,0,0,0,0,0,0,0,0,0,,,,
1416639790.28257,pg_toast,pg_toast_2604,0,0,0,0,0,0,0,0,0,0,0,0,0,0,,,,
1416639790.28257,public,region,6360,31775,14,14,5,0,0,0,5,0,7,6372,6,14,,,,
1416639790.28257,pg_catalog,pg_proc,0,0,303918,451023,0,0,0,0,0,0,29558,298194,12242,661338,0,0,0,0
1416639850.28616,pg_catalog,pg_attrdef,0,0,0,0,0,0,0,0,0,0,0,0,0,0,0,0,0,0
1416639850.28616,pg_catalog,pg_db_role_setting,0,0,149320,0,0,0,0,0,0,0,0,0,376,148944,0,0,0,0
1416639850.28616,pg_toast,pg_toast_12713,0,0,0,0,0,0,0,0,0,0,0,0,0,0,,,,
1416639850.28616,pg_catalog,pg_rowsecurity,0,0,0,0,0,0,0,0,0,0,0,0,0,0,,,,
1416639850.28616,pg_catalog,pg_description,0,0,4754,0,0,0,0,0,0,0,0,0,1522,9062,0,0,0,0
1416639850.28616,pg_catalog,pg_foreign_data_wrapper,0,0,0,0,0,0,0,0,0,0,0,0,0,0,,,,
1416639850.28616,pg_catalog,pg_conversion,0,0,0,0,0,0,0,0,0,0,0,0,0,0,,,,
1416639850.28616,pg_catalog,pg_class,12646,2844642,852887,779833,1916,598,1878,586,337,74,7839,893978,7581,1785443,,,,
1416639850.28616,information_schema,sql_implementation_info,0,0,,,0,0,0,0,0,0,0,0,,,0,0,0,0
1416639850.28616,pg_catalog,pg_opfamily,0,0,0,0,0,0,0,0,0,0,0,0,0,0,,,,
1416639850.28616,pg_catalog,pg_auth_members,0,0,0,0,0,0,0,0,0,0,0,0,0,0,,,,
1416639850.28616,pg_catalog,pg_operator,0,0,268807,1407766,0,0,0,0,0,0,6794,974460,6010,582858,,,,
1416639850.28616,information_schema,sql_languages,0,0,,,0,0,0,0,0,0,0,0,,,0,0,0,0
1416639850.28616,public,partsupp,13,64000000,28153,112516,8000000,0,0,0,8000000,0,1008013,1515319,40359,66503,,,,
1416639850.28616,pg_toast,pg_toast_12693,0,0,0,0,0,0,0,0,0,0,0,0,0,0,,,,
1416639850.28616,pg_catalog,pg_attribute,2596,17700,697671,1573442,6962,190,6784,161,2514,330,23776,779855,6452,1460805,,,,
1416639850.28616,public,supplier,6,400000,3289837,4222875,100000,0,0,0,100000,0,8783,3323847,946,6597016,,,,
1416639850.28616,pg_toast,pg_toast_12698,0,0,0,0,0,0,0,0,0,0,0,0,0,0,,,,
1416639850.28616,pg_catalog,pg_tablespace,2,4,24677,24677,0,0,0,0,0,0,656,24023,1367,48099,,,,
1416639850.28616,pg_catalog,pg_statistic,0,0,191825,184540,1549,4415,1486,3731,464,55,18407,178831,2084,411314,45808,183451,2755,279377
1416639850.28616,pg_toast,pg_toast_12703,0,0,0,0,0,0,0,0,0,0,0,0,0,0,,,,
1416639850.28616,information_schema,sql_packages,0,0,,,0,0,0,0,0,0,0,0,,,0,0,0,0
1416639850.28616,information_schema,sql_sizing_profiles,0,0,,,0,0,0,0,0,0,0,0,,,0,0,0,0
1416639850.28616,pg_catalog,pg_aggregate,0,0,18599,18599,0,0,0,0,0,0,1313,17286,3036,29378,,,,
1416639850.28616,pg_catalog,pg_inherits,0,0,1076,0,0,0,0,0,0,0,0,0,540,536,,,,
1416639850.28616,pg_catalog,pg_enum,0,0,0,0,0,0,0,0,0,0,0,0,0,0,,,,
1416639850.28616,pg_toast,pg_toast_2396,0,0,0,0,0,0,0,0,0,0,0,0,0,0,,,,
1416639850.28616,pg_catalog,pg_pltemplate,0,0,0,0,0,0,0,0,0,0,0,0,0,0,,,,
1416639850.28616,pg_toast,pg_toast_2618,0,0,3423,10930,0,0,0,0,0,0,2118,2079,613,4909,,,,
1416639850.28616,public,time_statistics,21,251,,,23,21,0,21,23,21,3,62,,,,,,
1416639850.28616,pg_toast,pg_toast_3596,0,0,0,0,0,0,0,0,0,0,0,0,0,0,,,,
1416639850.28616,information_schema,sql_features,0,0,,,0,0,0,0,0,0,0,0,,,0,0,0,0
1416639850.28616,pg_toast,pg_toast_2606,0,0,0,0,0,0,0,0,0,0,0,0,0,0,,,,
1416639850.28616,pg_toast,pg_toast_12723,0,0,0,0,0,0,0,0,0,0,0,0,0,0,,,,
1416639850.28616,pg_toast,pg_toast_2964,0,0,0,0,0,0,0,0,0,0,0,0,0,0,,,,
1416639850.28616,pg_catalog,pg_database,3654,14172,121401,121399,1,0,0,0,1,0,265,124789,1753,194236,,,,
1416639850.28616,information_schema,sql_sizing,0,0,,,0,0,0,0,0,0,0,0,,,0,0,0,0
1416639850.28616,pg_toast,pg_toast_2620,0,0,0,0,0,0,0,0,0,0,0,0,0,0,,,,
1416639850.28616,pg_catalog,pg_depend,0,0,44846,48203,8276,0,8187,0,7106,682,8548,55634,12307,115578,,,,
1416639850.28616,pg_catalog,pg_language,0,0,0,0,0,0,0,0,0,0,0,0,0,0,,,,
1416639850.28616,pg_catalog,pg_amproc,472,944,158467,329952,0,0,0,0,0,0,1715,155708,1375,351422,,,,
1416639850.28616,public,orders,13,105045000,5170408,50215405,15015000,0,0,0,15015000,0,1265862,7996573,123603,15567714,,,,
1416639850.28616,pg_catalog,pg_collation,0,0,0,0,0,0,0,0,0,0,0,0,0,0,,,,
1416639850.28616,pg_toast,pg_toast_12708,0,0,0,0,0,0,0,0,0,0,0,0,0,0,,,,
1416639850.28616,public,lineitem,24,960194151,2572255,199309497,60045669,0,0,0,60045385,0,17955670,26341000,827712,10905534,,,,
1416639850.28616,pg_catalog,pg_range,0,0,8385,0,0,0,0,0,0,0,0,0,3087,13683,,,,
1416639850.28616,pg_toast,pg_toast_2609,0,0,0,0,0,0,0,0,0,0,0,0,0,0,,,,
1416639850.28616,pg_catalog,pg_opclass,472,472,216249,2367552,0,0,0,0,0,0,1396,942473,3150,263588,,,,
1416639850.28616,public,part,10,16000000,79,4061096,2000000,0,0,0,2000000,0,248923,450105,48698,192,,,,
1416639850.28616,pg_catalog,pg_rewrite,0,0,8335,6541,598,0,598,0,110,10,4396,7217,1984,12220,2118,2079,1226,9818
1416639850.28616,pg_toast,pg_toast_1255,0,0,0,0,0,0,0,0,0,0,0,0,0,0,,,,
1416639850.28616,pg_catalog,pg_seclabel,0,0,4754,0,0,0,0,0,0,0,0,0,491,4263,0,0,0,0
1416639850.28616,pg_catalog,pg_ts_parser,0,0,0,0,0,0,0,0,0,0,0,0,0,0,,,,
1416639850.28616,pg_catalog,pg_trigger,0,0,0,0,0,0,0,0,0,0,0,0,0,0,0,0,0,0
1416639850.28616,pg_catalog,pg_shseclabel,0,0,0,0,0,0,0,0,0,0,0,0,0,0,,,,
1416639850.28616,pg_catalog,pg_event_trigger,0,0,1808,0,0,0,0,0,0,0,0,0,538,1270,,,,
1416639850.28616,pg_catalog,pg_foreign_table,0,0,0,0,0,0,0,0,0,0,0,0,0,0,,,,
1416639850.28616,pg_catalog,pg_extension,0,0,0,0,0,0,0,0,0,0,0,0,0,0,,,,
1416639850.28616,pg_catalog,pg_ts_config,0,0,0,0,0,0,0,0,0,0,0,0,0,0,,,,
1416639850.28616,pg_catalog,pg_shdescription,0,0,0,0,0,0,0,0,0,0,0,0,0,0,0,0,0,0
1416639850.28616,pg_catalog,pg_cast,0,0,1167228,276388,0,0,0,0,0,0,1409,274979,869,1199697,,,,
1416639850.28616,pg_catalog,pg_amop,0,0,304638,538448,0,0,0,0,0,0,2381,515400,5498,644667,,,,
1416639850.28616,pg_catalog,pg_user_mapping,0,0,0,0,0,0,0,0,0,0,0,0,0,0,,,,
1416639850.28616,pg_catalog,pg_type,0,0,825868,817756,2153,0,2134,0,360,63,5174,821908,7980,1697206,,,,
1416639850.28616,information_schema,sql_parts,0,0,,,0,0,0,0,0,0,0,0,,,0,0,0,0
1416639850.28616,pg_catalog,pg_largeobject,0,0,0,0,0,0,0,0,0,0,0,0,0,0,,,,
1416639850.28616,pg_catalog,pg_ts_config_map,0,0,0,0,0,0,0,0,0,0,0,0,0,0,,,,
1416639850.28616,pg_catalog,pg_largeobject_metadata,0,0,0,0,0,0,0,0,0,0,0,0,0,0,,,,
1416639850.28616,pg_catalog,pg_am,41567,41567,0,0,0,0,0,0,0,0,449,41118,0,0,,,,
1416639850.28616,pg_toast,pg_toast_12718,0,0,0,0,0,0,0,0,0,0,0,0,0,0,,,,
1416639850.28616,pg_catalog,pg_ts_template,0,0,0,0,0,0,0,0,0,0,0,0,0,0,,,,
1416639850.28616,pg_catalog,pg_foreign_server,0,0,0,0,0,0,0,0,0,0,0,0,0,0,,,,
1416639850.28616,pg_catalog,pg_namespace,1468,49630,185470,151049,42,0,0,0,42,0,458,152165,2195,220258,,,,
1416639850.28616,pg_toast,pg_toast_2619,0,0,138591,468642,5656,0,5404,0,262,12,45808,183451,2755,279377,,,,
1416639850.28616,public,nation,22,275,25472,25472,25,0,0,0,25,0,9,25484,10,25479,,,,
1416639850.28616,pg_catalog,pg_authid,810,810,69157,69157,0,0,0,0,0,0,387,69580,1829,136485,,,,
1416639850.28616,pg_catalog,pg_default_acl,0,0,4344,0,0,0,0,0,0,0,0,0,492,3852,,,,
1416639850.28616,pg_catalog,pg_shdepend,0,0,5884,1129,0,0,0,0,0,0,537,592,2106,5942,,,,
1416639850.28616,pg_catalog,pg_constraint,0,0,296,144,152,0,144,0,10,32,84,839,152,1512,0,0,0,0
1416639850.28616,pg_catalog,pg_index,4963,466172,377844,541589,830,0,802,0,143,0,4138,530577,2608,432949,,,,
1416639850.28616,public,customer,13,13500000,68,8373008,1500000,0,0,0,1500000,0,103813,718149,20525,193,,,,
1416639850.28616,pg_catalog,pg_ts_dict,0,0,0,0,0,0,0,0,0,0,0,0,0,0,,,,
1416639850.28616,pg_toast,pg_toast_2604,0,0,0,0,0,0,0,0,0,0,0,0,0,0,,,,
1416639850.28616,public,region,6360,31775,14,14,5,0,0,0,5,0,7,6372,6,14,,,,
1416639850.28616,pg_catalog,pg_proc,0,0,304071,451239,0,0,0,0,0,0,29560,298360,12243,661671,0,0,0,0
1416639910.28814,pg_catalog,pg_attrdef,0,0,0,0,0,0,0,0,0,0,0,0,0,0,0,0,0,0
1416639910.28814,pg_catalog,pg_db_role_setting,0,0,149372,0,0,0,0,0,0,0,0,0,376,148996,0,0,0,0
1416639910.28814,pg_toast,pg_toast_12713,0,0,0,0,0,0,0,0,0,0,0,0,0,0,,,,
1416639910.28814,pg_catalog,pg_rowsecurity,0,0,0,0,0,0,0,0,0,0,0,0,0,0,,,,
1416639910.28814,pg_catalog,pg_description,0,0,4754,0,0,0,0,0,0,0,0,0,1522,9062,0,0,0,0
1416639910.28814,pg_catalog,pg_foreign_data_wrapper,0,0,0,0,0,0,0,0,0,0,0,0,0,0,,,,
1416639910.28814,pg_catalog,pg_conversion,0,0,0,0,0,0,0,0,0,0,0,0,0,0,,,,
1416639910.28814,pg_catalog,pg_class,12656,2847692,853360,780291,1916,598,1878,586,337,74,7839,894537,7581,1786417,,,,
1416639910.28814,information_schema,sql_implementation_info,0,0,,,0,0,0,0,0,0,0,0,,,0,0,0,0
1416639910.28814,pg_catalog,pg_opfamily,0,0,0,0,0,0,0,0,0,0,0,0,0,0,,,,
1416639910.28814,pg_catalog,pg_auth_members,0,0,0,0,0,0,0,0,0,0,0,0,0,0,,,,
1416639910.28814,pg_catalog,pg_operator,0,0,268870,1408031,0,0,0,0,0,0,6794,974645,6010,583000,,,,
1416639910.28814,information_schema,sql_languages,0,0,,,0,0,0,0,0,0,0,0,,,0,0,0,0
1416639910.28814,public,partsupp,13,64000000,28153,112516,8000000,0,0,0,8000000,0,1008013,1515319,40359,66503,,,,
1416639910.28814,pg_toast,pg_toast_12693,0,0,0,0,0,0,0,0,0,0,0,0,0,0,,,,
1416639910.28814,pg_catalog,pg_attribute,2596,17700,697982,1574021,6962,190,6784,161,2514,330,23776,780179,6452,1461443,,,,
1416639910.28814,public,supplier,8,600000,3289845,4222883,100000,0,0,0,100000,0,8792,3328204,946,6597036,,,,
1416639910.28814,pg_toast,pg_toast_12698,0,0,0,0,0,0,0,0,0,0,0,0,0,0,,,,
1416639910.28814,pg_catalog,pg_tablespace,2,4,24686,24686,0,0,0,0,0,0,656,24032,1367,48117,,,,
1416639910.28814,pg_catalog,pg_statistic,0,0,191887,184590,1549,4415,1486,3731,464,55,18408,178880,2084,411447,45808,183486,2755,279436
1416639910.28814,pg_toast,pg_toast_12703,0,0,0,0,0,0,0,0,0,0,0,0,0,0,,,,
1416639910.28814,information_schema,sql_packages,0,0,,,0,0,0,0,0,0,0,0,,,0,0,0,0
1416639910.28814,information_schema,sql_sizing_profiles,0,0,,,0,0,0,0,0,0,0,0,,,0,0,0,0
1416639910.28814,pg_catalog,pg_aggregate,0,0,18602,18602,0,0,0,0,0,0,1313,17289,3036,29384,,,,
1416639910.28814,pg_catalog,pg_inherits,0,0,1076,0,0,0,0,0,0,0,0,0,540,536,,,,
1416639910.28814,pg_catalog,pg_enum,0,0,0,0,0,0,0,0,0,0,0,0,0,0,,,,
1416639910.28814,pg_toast,pg_toast_2396,0,0,0,0,0,0,0,0,0,0,0,0,0,0,,,,
1416639910.28814,pg_catalog,pg_pltemplate,0,0,0,0,0,0,0,0,0,0,0,0,0,0,,,,
1416639910.28814,pg_toast,pg_toast_2618,0,0,3428,10946,0,0,0,0,0,0,2119,2084,613,4917,,,,
1416639910.28814,public,time_statistics,23,298,,,25,23,0,23,25,23,3,68,,,,,,
1416639910.28814,pg_toast,pg_toast_3596,0,0,0,0,0,0,0,0,0,0,0,0,0,0,,,,
1416639910.28814,information_schema,sql_features,0,0,,,0,0,0,0,0,0,0,0,,,0,0,0,0
1416639910.28814,pg_toast,pg_toast_2606,0,0,0,0,0,0,0,0,0,0,0,0,0,0,,,,
1416639910.28814,pg_toast,pg_toast_12723,0,0,0,0,0,0,0,0,0,0,0,0,0,0,,,,
1416639910.28814,pg_toast,pg_toast_2964,0,0,0,0,0,0,0,0,0,0,0,0,0,0,,,,
1416639910.28814,pg_catalog,pg_database,3657,14184,121447,121445,1,0,0,0,1,0,265,124838,1753,194308,,,,
1416639910.28814,information_schema,sql_sizing,0,0,,,0,0,0,0,0,0,0,0,,,0,0,0,0
1416639910.28814,pg_toast,pg_toast_2620,0,0,0,0,0,0,0,0,0,0,0,0,0,0,,,,
1416639910.28814,pg_catalog,pg_depend,0,0,44846,48203,8276,0,8187,0,7106,682,8548,55634,12307,115578,,,,
1416639910.28814,pg_catalog,pg_language,0,0,0,0,0,0,0,0,0,0,0,0,0,0,,,,
1416639910.28814,pg_catalog,pg_amproc,472,944,158514,330062,0,0,0,0,0,0,1715,155754,1375,351528,,,,
1416639910.28814,public,orders,15,135075000,5170416,50215413,15015000,0,0,0,15015000,0,1359673,8409814,123604,15567739,,,,
1416639910.28814,pg_catalog,pg_collation,0,0,0,0,0,0,0,0,0,0,0,0,0,0,,,,
1416639910.28814,pg_toast,pg_toast_12708,0,0,0,0,0,0,0,0,0,0,0,0,0,0,,,,
1416639910.28814,public,lineitem,24,960194151,4235743,205965233,60045669,0,0,0,60045385,0,18828265,27227933,875892,17533959,,,,
1416639910.28814,pg_catalog,pg_range,0,0,8387,0,0,0,0,0,0,0,0,0,3087,13687,,,,
1416639910.28814,pg_toast,pg_toast_2609,0,0,0,0,0,0,0,0,0,0,0,0,0,0,,,,
1416639910.28814,pg_catalog,pg_opclass,472,472,216303,2368097,0,0,0,0,0,0,1396,942691,3150,263659,,,,
1416639910.28814,public,part,10,16000000,79,4061096,2000000,0,0,0,2000000,0,248923,450105,48698,192,,,,
1416639910.28814,pg_catalog,pg_rewrite,0,0,8342,6548,598,0,598,0,110,10,4396,7224,1984,12232,2119,2084,1226,9834
1416639910.28814,pg_toast,pg_toast_1255,0,0,0,0,0,0,0,0,0,0,0,0,0,0,,,,
1416639910.28814,pg_catalog,pg_seclabel,0,0,4754,0,0,0,0,0,0,0,0,0,491,4263,0,0,0,0
1416639910.28814,pg_catalog,pg_ts_parser,0,0,0,0,0,0,0,0,0,0,0,0,0,0,,,,
1416639910.28814,pg_catalog,pg_trigger,0,0,0,0,0,0,0,0,0,0,0,0,0,0,0,0,0,0
1416639910.28814,pg_catalog,pg_shseclabel,0,0,0,0,0,0,0,0,0,0,0,0,0,0,,,,
1416639910.28814,pg_catalog,pg_event_trigger,0,0,1808,0,0,0,0,0,0,0,0,0,538,1270,,,,
1416639910.28814,pg_catalog,pg_foreign_table,0,0,0,0,0,0,0,0,0,0,0,0,0,0,,,,
1416639910.28814,pg_catalog,pg_extension,0,0,0,0,0,0,0,0,0,0,0,0,0,0,,,,
1416639910.28814,pg_catalog,pg_ts_config,0,0,0,0,0,0,0,0,0,0,0,0,0,0,,,,
1416639910.28814,pg_catalog,pg_shdescription,0,0,0,0,0,0,0,0,0,0,0,0,0,0,0,0,0,0
1416639910.28814,pg_catalog,pg_cast,0,0,1167482,276458,0,0,0,0,0,0,1409,275049,869,1199962,,,,
1416639910.28814,pg_catalog,pg_amop,0,0,304715,538583,0,0,0,0,0,0,2381,515531,5498,644835,,,,
1416639910.28814,pg_catalog,pg_user_mapping,0,0,0,0,0,0,0,0,0,0,0,0,0,0,,,,
1416639910.28814,pg_catalog,pg_type,0,0,826113,818001,2153,0,2134,0,360,63,5174,822153,7980,1697709,,,,
1416639910.28814,information_schema,sql_parts,0,0,,,0,0,0,0,0,0,0,0,,,0,0,0,0
1416639910.28814,pg_catalog,pg_largeobject,0,0,0,0,0,0,0,0,0,0,0,0,0,0,,,,
1416639910.28814,pg_catalog,pg_ts_config_map,0,0,0,0,0,0,0,0,0,0,0,0,0,0,,,,
1416639910.28814,pg_catalog,pg_largeobject_metadata,0,0,0,0,0,0,0,0,0,0,0,0,0,0,,,,
1416639910.28814,pg_catalog,pg_am,41581,41581,0,0,0,0,0,0,0,0,449,41132,0,0,,,,
1416639910.28814,pg_toast,pg_toast_12718,0,0,0,0,0,0,0,0,0,0,0,0,0,0,,,,
1416639910.28814,pg_catalog,pg_ts_template,0,0,0,0,0,0,0,0,0,0,0,0,0,0,,,,
1416639910.28814,pg_catalog,pg_foreign_server,0,0,0,0,0,0,0,0,0,0,0,0,0,0,,,,
1416639910.28814,pg_catalog,pg_namespace,1470,49726,185646,151214,42,0,0,0,42,0,458,152332,2195,220447,,,,
1416639910.28814,pg_toast,pg_toast_2619,0,0,138618,468720,5656,0,5404,0,262,12,45808,183486,2755,279436,,,,
1416639910.28814,public,nation,24,325,25489,25513,25,0,0,0,25,0,9,25503,10,25498,,,,
1416639910.28814,pg_catalog,pg_authid,811,811,69179,69179,0,0,0,0,0,0,387,69603,1829,136529,,,,
1416639910.28814,pg_catalog,pg_default_acl,0,0,4344,0,0,0,0,0,0,0,0,0,492,3852,,,,
1416639910.28814,pg_catalog,pg_shdepend,0,0,5884,1129,0,0,0,0,0,0,537,592,2106,5942,,,,
1416639910.28814,pg_catalog,pg_constraint,0,0,296,144,152,0,144,0,10,32,84,839,152,1512,0,0,0,0
1416639910.28814,pg_catalog,pg_index,4968,466887,377952,541740,830,0,802,0,143,0,4138,530745,2608,433076,,,,
1416639910.28814,public,customer,14,15000000,81,15873016,1500000,0,0,0,1500000,0,103813,929825,20528,229,,,,
1416639910.28814,pg_catalog,pg_ts_dict,0,0,0,0,0,0,0,0,0,0,0,0,0,0,,,,
1416639910.28814,pg_toast,pg_toast_2604,0,0,0,0,0,0,0,0,0,0,0,0,0,0,,,,
1416639910.28814,public,region,6361,31780,16,16,5,0,0,0,5,0,8,6374,8,15,,,,
1416639910.28814,pg_catalog,pg_proc,0,0,304202,451426,0,0,0,0,0,0,29560,298509,12243,661955,0,0,0,0
